#
# A fatal error has been detected by the Java Runtime Environment:
#
#  EXCEPTION_ACCESS_VIOLATION (0xc0000005) at pc=0x00007ffea65aae3c, pid=8364, tid=26108
#
# JRE version: OpenJDK Runtime Environment Temurin-25.0.3+9 (25.0.3+9) (build 25.0.3+9-LTS)
# Java VM: OpenJDK 64-Bit Server VM Temurin-25.0.3+9 (25.0.3+9-LTS, mixed mode, sharing, tiered, compressed oops, compressed class ptrs, g1 gc, windows-amd64)
# Problematic frame:
# C  [awt.dll+0xdae3c]
#
# No core dump will be written. Minidumps are not enabled by default on client versions of Windows
#
# If you would like to submit a bug report, please visit:
#   https://github.com/adoptium/adoptium-support/issues
# The crash happened outside the Java Virtual Machine in native code.
# See problematic frame for where to report the bug.
#

---------------  S U M M A R Y ------------

Command Line: D:\Radio New vegas\JMusicBot-0.4.3-fix1.0.jar

Host: AMD Ryzen 7 5800X 8-Core Processor             , 16 cores, 31G,  Windows 10 , 64 bit Build 19041 (10.0.19041.6807)
Time: Mon May 11 13:24:43 2026 elapsed time: 11729.378643 seconds (0d 3h 15m 29s)

---------------  T H R E A D  ---------------

Current thread (0x0000020d0cfd5220):  JavaThread "AWT-EventQueue-0"        [_thread_in_native, id=26108, stack(0x000000ddddd00000,0x000000dddde00000) (1024K)]

Stack: [0x000000ddddd00000,0x000000dddde00000],  sp=0x000000dddddfe880,  free space=1018k
Native frames: (J=compiled Java code, j=interpreted, Vv=VM code, C=native code)
C  [awt.dll+0xdae3c]  (no source info available)
C  [awt.dll+0xdcff5]  (no source info available)
C  0x0000020d5efcd193  (no source info available)

The last pc belongs to native method entry point (kind = native) (printed below).
Java frames: (J=compiled Java code, j=interpreted, Vv=VM code)
j  sun.awt.Win32GraphicsDevice.makeColorModel(IZ)Ljava/awt/image/ColorModel;+0 java.desktop@25.0.3
j  sun.awt.Win32GraphicsDevice.getDynamicColorModel()Ljava/awt/image/ColorModel;+14 java.desktop@25.0.3
j  sun.awt.Win32GraphicsConfig.getDeviceColorModel()Ljava/awt/image/ColorModel;+4 java.desktop@25.0.3
j  sun.awt.windows.WComponentPeer.getDeviceColorModel()Ljava/awt/image/ColorModel;+13 java.desktop@25.0.3
j  sun.java2d.windows.GDIWindowSurfaceData.createData(Lsun/awt/windows/WComponentPeer;)Lsun/java2d/windows/GDIWindowSurfaceData;+1 java.desktop@25.0.3
j  sun.java2d.d3d.D3DScreenUpdateManager.createScreenSurface(Lsun/awt/Win32GraphicsConfig;Lsun/awt/windows/WComponentPeer;IZ)Lsun/java2d/SurfaceData;+56 java.desktop@25.0.3
j  sun.awt.windows.WComponentPeer.createScreenSurface(Z)V+21 java.desktop@25.0.3
j  sun.awt.windows.WComponentPeer.replaceSurfaceData(ILjava/awt/BufferCapabilities;)V+63 java.desktop@25.0.3
j  sun.awt.windows.WComponentPeer.replaceSurfaceData()V+9 java.desktop@25.0.3
j  sun.awt.windows.WComponentPeer$2.run()V+14 java.desktop@25.0.3
j  javax.swing.RepaintManager.prePaintDirtyRegions()V+64 java.desktop@25.0.3
j  javax.swing.RepaintManager$ProcessingRunnable.run()V+37 java.desktop@25.0.3
J 3983 c1 java.awt.event.InvocationEvent.dispatch()V java.desktop@25.0.3 (69 bytes) @ 0x0000020d580fc914 [0x0000020d580fc700+0x0000000000000214]
J 3552 c1 java.awt.EventQueue.dispatchEventImpl(Ljava/awt/AWTEvent;Ljava/lang/Object;)V java.desktop@25.0.3 (139 bytes) @ 0x0000020d57b6c584 [0x0000020d57b6ad00+0x0000000000001884]
J 3551 c1 java.awt.EventQueue.dispatchEvent(Ljava/awt/AWTEvent;)V java.desktop@25.0.3 (48 bytes) @ 0x0000020d57e686cc [0x0000020d57e68480+0x000000000000024c]
J 3554 c1 java.awt.EventDispatchThread.pumpOneEventForFilters(I)V java.desktop@25.0.3 (106 bytes) @ 0x0000020d57cf3c94 [0x0000020d57cf3480+0x0000000000000814]
j  java.awt.EventDispatchThread.pumpEventsForFilter(ILjava/awt/Conditional;Ljava/awt/EventFilter;)V+35 java.desktop@25.0.3
j  java.awt.EventDispatchThread.pumpEventsForHierarchy(ILjava/awt/Conditional;Ljava/awt/Component;)V+11 java.desktop@25.0.3
j  java.awt.EventDispatchThread.pumpEvents(ILjava/awt/Conditional;)V+4 java.desktop@25.0.3
j  java.awt.EventDispatchThread.pumpEvents(Ljava/awt/Conditional;)V+3 java.desktop@25.0.3
j  java.awt.EventDispatchThread.run()V+9 java.desktop@25.0.3
v  ~StubRoutines::call_stub 0x0000020d5efc12ed

siginfo: EXCEPTION_ACCESS_VIOLATION (0xc0000005), reading address 0x000000000000143a


Registers:
RAX=0x000000000000140a, RBX=0x0000000000000000, RCX=0x0000020d4d752a30, RDX=0x0000020d0cfd5668
RSP=0x000000dddddfe880, RBP=0x0000000000000001, RSI=0x0000020d0cfd5668, RDI=0x0000020d0cfd5668
R8 =0x0000000000000001, R9 =0x0000000000000001, R10=0x0000020d5efcd233, R11=0x0000000000000102
R12=0x0000000000000001, R13=0x0000020d762230e8, R14=0x0000020d7a0d8e00, R15=0x0000020d0cfd5220
RIP=0x00007ffea65aae3c, EFLAGS=0x0000000000010246

XMM[0]=0x75722e6461657268 0x5468637461707369
XMM[1]=0x0000000000000000 0x0000000000000000
XMM[2]=0x0000000000000000 0x0000000040400000
XMM[3]=0x0000000000000000 0x0000000000000000
XMM[4]=0x0000000000000000 0x0000000000000000
XMM[5]=0x000000001f1a6628 0x000000001f1a65d0
XMM[6]=0x0000000000000000 0x000000000000006c
XMM[7]=0x0000000000000000 0x0000000000000079
XMM[8]=0x0000000000000000 0x0000000000000000
XMM[9]=0x0000000000000000 0x000000000000006c
XMM[10]=0x0000000000000000 0x0000000000000014
XMM[11]=0x0000000000000000 0x0000000000000000
XMM[12]=0x0000000000000000 0x0000000000000000
XMM[13]=0x0000000000000000 0x0000000000000000
XMM[14]=0x0000000000000000 0x0000000000000000
XMM[15]=0x0000000000000000 0x0000000000000000
  MXCSR=0x00001fa7


Register to memory mapping:

RAX=0x000000000000140a is an unknown value
RBX=0x0 is null
RCX=0x0000020d4d752a30 points into unknown readable memory: 0x00007ffea71c23a0 | a0 23 1c a7 fe 7f 00 00
RDX=0x0000020d0cfd5668 points into unknown readable memory: 0x00007ffea73f0dc0 | c0 0d 3f a7 fe 7f 00 00
RSP=0x000000dddddfe880 is pointing into the stack for thread: 0x0000020d0cfd5220
RBP=0x0000000000000001 is an unknown value
RSI=0x0000020d0cfd5668 points into unknown readable memory: 0x00007ffea73f0dc0 | c0 0d 3f a7 fe 7f 00 00
RDI=0x0000020d0cfd5668 points into unknown readable memory: 0x00007ffea73f0dc0 | c0 0d 3f a7 fe 7f 00 00
R8 =0x0000000000000001 is an unknown value
R9 =0x0000000000000001 is an unknown value
R10=0x0000020d5efcd233 is at code_begin+1139 in an Interpreter codelet
native method entry point (kind = native)  [0x0000020d5efccdc0, 0x0000020d5efcd8b8]  2808 bytes
R11=0x0000000000000102 is an unknown value
R12=0x0000000000000001 is an unknown value
R13={method} {0x0000020d762230f0} 'makeColorModel' '(IZ)Ljava/awt/image/ColorModel;' in 'sun/awt/Win32GraphicsDevice'
R14=0x0000020d7a0d8e00 points into unknown readable memory: 0x0000020d4d752a30 | 30 2a 75 4d 0d 02 00 00
R15=0x0000020d0cfd5220 is a thread

Top of Stack: (sp=0x000000dddddfe880)
0x000000dddddfe880:   0000000000000050 0000000602d5ba60   P.......`.......
0x000000dddddfe890:   0000000601b4f560 0000005000000000   `...........P...
0x000000dddddfe8a0:   0000000600000050 fffffffffffffff7   P...............
0x000000dddddfe8b0:   000000dddddfe978 0000020d584fd9a4   x.........OX....
0x000000dddddfe8c0:   0000000601047b78 0000000601addb28   x{......(.......
0x000000dddddfe8d0:   0000000601000000 000000001f193170   ........p1......
0x000000dddddfe8e0:   000000dddddfea48 0000020d0cfd5668   H.......hV......
0x000000dddddfe8f0:   0000020d0ff28ca0 0000000000000001   ................
0x000000dddddfe900:   000000dddddfeb08 0000000000000000   ................
0x000000dddddfe910:   00007ffea6609838 0000a4ca41b0419c   8.`......A.A....
0x000000dddddfe920:   0000020d0cfd5220 000000dddddfea30    R......0.......
0x000000dddddfe930:   0000020d762230e8 0000000000000000   .0"v............
0x000000dddddfe940:   0000000000000000 00007ffea65acff5   ..........Z.....
0x000000dddddfe950:   00007ffea6609838 0000020d762230e8   8.`......0"v....
0x000000dddddfe960:   0000020d79221a40 0000020d0cfd5668   @."y....hV......
0x000000dddddfe970:   0000000000000151 0000020d5efcd193   Q..........^....
0x000000dddddfe980:   0000020d762230e8 000000dddddfea00   .0"v............
0x000000dddddfe990:   00000000000002ee 0000000000000050   ........P.......
0x000000dddddfe9a0:   0000000601b4f560 0000000000000050   `.......P.......
0x000000dddddfe9b0:   0000000601b4f410 fffffffffffffff7   ................
0x000000dddddfe9c0:   0000000000000000 0000000000000006   ................
0x000000dddddfe9d0:   0000020d76224570 0000000000000000   pE"v............
0x000000dddddfe9e0:   00000006018c7710 0000020d762230e8   .w.......0"v....
0x000000dddddfe9f0:   0000000000000000 000000dddddfea20   ........ .......
0x000000dddddfea00:   000000dddddfea88 0000020d5efc8cb2   ...........^....
0x000000dddddfea10:   0000000000000000 0000020d5efca75a   ........Z..^....
0x000000dddddfea20:   0000000000000001 0000000000000000   ................
0x000000dddddfea30:   0000000601381cf8 0000000601381cf8   ..8.......8.....
0x000000dddddfea40:   fffffffffffffff7 0000020d76223196   .........1"v....
0x000000dddddfea50:   0000000000000002 0000020d76224570   ........pE"v....
0x000000dddddfea60:   0000000000000000 00000006018c7710   .........w......
0x000000dddddfea70:   0000020d762231b8 fffffffffffffff3   .1"v............

Instructions: (pc=0x00007ffea65aae3c)
  0x00007ffea65aad3c:   44 01 00 00 01 74 4e e8 d8 d4 f4 ff 48 8b d8 48
  0x00007ffea65aad4c:   89 44 24 38 41 b8 01 00 00 00 8b d5 48 8b c8 e8
  0x00007ffea65aad5c:   30 d4 f4 ff 48 8b 40 30 4c 8d 46 04 48 83 c0 28
  0x00007ffea65aad6c:   4c 2b c0 90 0f b7 10 42 0f b7 0c 00 2b d1 75 08
  0x00007ffea65aad7c:   48 83 c0 02 85 c9 75 ec 85 d2 74 36 48 8b cb e8
  0x00007ffea65aad8c:   50 d6 f4 ff 90 ff c7 45 33 c9 4c 8b c6 8b d7 33
  0x00007ffea65aad9c:   c9 ff 15 e5 7b 06 00 85 c0 75 8e 33 c0 48 8b 5c
  0x00007ffea65aadac:   24 30 48 8b 6c 24 40 48 8b 74 24 48 48 83 c4 20
  0x00007ffea65aadbc:   5f c3 48 8b cb e8 1a d6 f4 ff 90 b8 01 00 00 00
  0x00007ffea65aadcc:   eb db cc cc 48 89 5c 24 18 48 89 74 24 20 57 41
  0x00007ffea65aaddc:   54 41 55 41 56 41 57 48 81 ec a0 00 00 00 48 8b
  0x00007ffea65aadec:   05 8f 6a 06 00 48 33 c4 48 89 84 24 98 00 00 00
  0x00007ffea65aadfc:   45 0f b6 e0 48 8b fa 4c 8b f1 48 89 54 24 68 48
  0x00007ffea65aae0c:   8b 09 8b 41 04 83 f8 18 75 1b 4c 8d 05 2b 5d 02
  0x00007ffea65aae1c:   00 48 8d 15 04 4b 03 00 48 8b cf e8 35 da 00 00
  0x00007ffea65aae2c:   e9 7a 04 00 00 83 f8 08 7e 4b 49 8b 46 18 33 db
=>0x00007ffea65aae3c:   8b 48 30 8b 50 2c 44 8b 40 28 41 8b c0 0b c2 0b
  0x00007ffea65aae4c:   c1 74 07 90 ff c3 d1 e8 75 fa 89 4c 24 30 89 54
  0x00007ffea65aae5c:   24 28 44 89 44 24 20 44 8b cb 4c 8d 05 73 b2 02
  0x00007ffea65aae6c:   00 48 8d 15 d4 4a 03 00 48 8b cf e8 e5 d9 00 00
  0x00007ffea65aae7c:   e9 2a 04 00 00 48 8b 02 83 39 02 48 8b cf 0f 85
  0x00007ffea65aae8c:   1e 01 00 00 48 8d 15 d1 4a 03 00 ff 50 30 48 8b
  0x00007ffea65aae9c:   d8 48 85 c0 0f 84 03 04 00 00 4c 8b 17 4c 8d 0d
  0x00007ffea65aaeac:   d8 4a 03 00 4c 8d 05 09 ce 02 00 48 8b d0 48 8b
  0x00007ffea65aaebc:   cf 41 ff 92 88 03 00 00 48 85 c0 0f 84 dc 03 00
  0x00007ffea65aaecc:   00 41 b9 eb 03 00 00 4c 8b c0 48 8b d3 48 8b cf
  0x00007ffea65aaedc:   e8 cf cb f5 ff 4c 8b f8 48 85 c0 0f 84 bc 03 00
  0x00007ffea65aaeec:   00 c7 44 24 50 08 00 00 00 4c 8b 07 ba 01 00 00
  0x00007ffea65aaefc:   00 48 8b cf 41 ff 90 98 05 00 00 48 8b f0 48 85
  0x00007ffea65aaf0c:   c0 0f 84 96 03 00 00 4c 8b 17 48 8d 44 24 50 48
  0x00007ffea65aaf1c:   89 44 24 20 41 b9 01 00 00 00 45 33 c0 48 8b d6
  0x00007ffea65aaf2c:   48 8b cf 41 ff 92 98 06 00 00 4c 8b 07 48 8d 15


Stack slot to memory mapping:

stack at sp + 0 slots: 0x0000000000000050 is an unknown value
stack at sp + 1 slots: 0x0000000602d5ba60 is an oop: java.lang.String 
{0x0000000602d5ba60} - klass: 'java/lang/String' - flags: 

 - string: "\x09at java.desktop/java.awt.EventDispatchThread.run(EventDispatchThread.java:90)\x0D\x0A"
 - ---- fields (total size 3 words):
 - private 'hash' 'I' @12  0 (0x00000000)
 - private final 'coder' 'B' @16  0 (0x00)
 - private 'hashIsZero' 'Z' @17  false (0x00)
 - injected 'flags' 'B' @18  0 (0x00)
 - private final 'value' '[B' @20  [B{0x0000000602d5ba78} (0xc05ab74f)
stack at sp + 2 slots: 0x0000000601b4f560 is an oop: [B 
{0x0000000601b4f560} - klass: {type array byte} - flags: is_cloneable_fast 

 - length: 512
 -   0: 9  
 -   1: 61 a
 -   2: 74 t
 -   3: 20  
 -   4: 6a j
 -   5: 61 a
 -   6: 76 v
 -   7: 61 a
 -   8: 2e .
 -   9: 64 d
 -  10: 65 e
 -  11: 73 s
 -  12: 6b k
 -  13: 74 t
 -  14: 6f o
 -  15: 70 p
 -  16: 2f /
 -  17: 6a j
 -  18: 61 a
 -  19: 76 v
 -  20: 61 a
 -  21: 2e .
 -  22: 61 a
 -  23: 77 w
 -  24: 74 t
 -  25: 2e .
 -  26: 45 E
 -  27: 76 v
 -  28: 65 e
 -  29: 6e n
 -  30: 74 t
 -  31: 44 D
 -  32: 69 i
 -  33: 73 s
 -  34: 70 p
 -  35: 61 a
 -  36: 74 t
 -  37: 63 c
 -  38: 68 h
 -  39: 54 T
 -  40: 68 h
 -  41: 72 r
 -  42: 65 e
 -  43: 61 a
 -  44: 64 d
 -  45: 2e .
 -  46: 72 r
 -  47: 75 u
 -  48: 6e n
 -  49: 28 (
 -  50: 45 E
 -  51: 76 v
 -  52: 65 e
 -  53: 6e n
 -  54: 74 t
 -  55: 44 D
 -  56: 69 i
 -  57: 73 s
 -  58: 70 p
 -  59: 61 a
 -  60: 74 t
 -  61: 63 c
 -  62: 68 h
 -  63: 54 T
 -  64: 68 h
 -  65: 72 r
 -  66: 65 e
 -  67: 61 a
 -  68: 64 d
 -  69: 2e .
 -  70: 6a j
 -  71: 61 a
 -  72: 76 v
 -  73: 61 a
 -  74: 3a :
 -  75: 39 9
 -  76: 30 0
 -  77: 29 )
 -  78: d  
 -  79: a  
 -  80: 61 a
 -  81: 3a :
 -  82: 31 1
 -  83: 30 0
 -  84: 31 1
 -  85: 29 )
 -  86: d  
 -  87: a  
 -  88: 2e .
 -  89: 6a j
 -  90: 61 a
 -  91: 76 v
 -  92: 61 a
 -  93: 3a :
 -  94: 31 1
 -  95: 31 1
 -  96: 33 3
 -  97: 29 )
 -  98: d  
 -  99: a  
 - 100: 76 v
 - 101: 61 a
 - 102: 3a :
 - 103: 39 9
 - 104: 38 8
 - 105: 29 )
 - 106: d  
 - 107: a  
 - 108: a  
 - 109: 0  
 - 110: 0  
 - 111: 0  
 - 112: 0  
 - 113: 0  
 - 114: 0  
 - 115: 0  
 - 116: 0  
 - 117: 0  
 - 118: 0  
 - 119: 0  
 - 120: 0  
 - 121: 0  
 - 122: 0  
 - 123: 0  
 - 124: 0  
 - 125: 0  
 - 126: 0  
 - 127: 0  
 - 128: 0  
 - 129: 0  
 - 130: 0  
 - 131: 0  
 - 132: 0  
 - 133: 0  
 - 134: 0  
 - 135: 0  
 - 136: 0  
 - 137: 0  
 - 138: 0  
 - 139: 0  
 - 140: 0  
 - 141: 0  
 - 142: 0  
 - 143: 0  
 - 144: 0  
 - 145: 0  
 - 146: 0  
 - 147: 0  
 - 148: 0  
 - 149: 0  
 - 150: 0  
 - 151: 0  
 - 152: 0  
 - 153: 0  
 - 154: 0  
 - 155: 0  
 - 156: 0  
 - 157: 0  
 - 158: 0  
 - 159: 0  
 - 160: 0  
 - 161: 0  
 - 162: 0  
 - 163: 0  
 - 164: 0  
 - 165: 0  
 - 166: 0  
 - 167: 0  
 - 168: 0  
 - 169: 0  
 - 170: 0  
 - 171: 0  
 - 172: 0  
 - 173: 0  
 - 174: 0  
 - 175: 0  
 - 176: 0  
 - 177: 0  
 - 178: 0  
 - 179: 0  
 - 180: 0  
 - 181: 0  
 - 182: 0  
 - 183: 0  
 - 184: 0  
 - 185: 0  
 - 186: 0  
 - 187: 0  
 - 188: 0  
 - 189: 0  
 - 190: 0  
 - 191: 0  
 - 192: 0  
 - 193: 0  
 - 194: 0  
 - 195: 0  
 - 196: 0  
 - 197: 0  
 - 198: 0  
 - 199: 0  
 - 200: 0  
 - 201: 0  
 - 202: 0  
 - 203: 0  
 - 204: 0  
 - 205: 0  
 - 206: 0  
 - 207: 0  
 - 208: 0  
 - 209: 0  
 - 210: 0  
 - 211: 0  
 - 212: 0  
 - 213: 0  
 - 214: 0  
 - 215: 0  
 - 216: 0  
 - 217: 0  
 - 218: 0  
 - 219: 0  
 - 220: 0  
 - 221: 0  
 - 222: 0  
 - 223: 0  
 - 224: 0  
 - 225: 0  
 - 226: 0  
 - 227: 0  
 - 228: 0  
 - 229: 0  
 - 230: 0  
 - 231: 0  
 - 232: 0  
 - 233: 0  
 - 234: 0  
 - 235: 0  
 - 236: 0  
 - 237: 0  
 - 238: 0  
 - 239: 0  
 - 240: 0  
 - 241: 0  
 - 242: 0  
 - 243: 0  
 - 244: 0  
 - 245: 0  
 - 246: 0  
 - 247: 0  
 - 248: 0  
 - 249: 0  
 - 250: 0  
 - 251: 0  
 - 252: 0  
 - 253: 0  
 - 254: 0  
 - 255: 0  
 - <256 more elements, increase MaxElementPrintSize to print>
stack at sp + 3 slots: 0x0000005000000000 is an unknown value
stack at sp + 4 slots: 0x0000000600000050 is an unknown value
stack at sp + 5 slots: 0xfffffffffffffff7 is an unknown value
stack at sp + 6 slots: 0x000000dddddfe978 is pointing into the stack for thread: 0x0000020d0cfd5220
stack at sp + 7 slots: 0x0000020d584fd9a4 is at entry_point+804 in (nmethod*)0x0000020d584fd588
Compiled method (c1) 11729548 6388       3       sun.nio.cs.UTF_8::updatePositions (23 bytes)
 total in heap  [0x0000020d584fd588,0x0000020d584fdaa0] = 1304
 main code      [0x0000020d584fd680,0x0000020d584fda28] = 936
 stub code      [0x0000020d584fda28,0x0000020d584fdaa0] = 120
 mutable data [0x0000020d79954830,0x0000020d799548b0] = 128
 relocation     [0x0000020d79954830,0x0000020d799548a8] = 120
 metadata       [0x0000020d799548a8,0x0000020d799548b0] = 8
 immutable data [0x0000020d79d00750,0x0000020d79d00860] = 272
 dependencies   [0x0000020d79d00750,0x0000020d79d00758] = 8
 nul chk table  [0x0000020d79d00758,0x0000020d79d00770] = 24
 scopes pcs     [0x0000020d79d00770,0x0000020d79d00800] = 144
 scopes data    [0x0000020d79d00800,0x0000020d79d00860] = 96
0x0000020d584fd8f9:   49 b8 38 0f 4c 76 0d 02 00 00 45 8b 49 08 41 ba
0x0000020d584fd909:   00 00 00 1f 4d 03 ca 4d 3b 88 70 01 00 00 75 0d
0x0000020d584fd919:   49 83 80 78 01 00 00 01 e9 60 00 00 00 4d 3b 88
0x0000020d584fd929:   80 01 00 00 75 0d 49 83 80 88 01 00 00 01 e9 4a
0x0000020d584fd939:   00 00 00 49 83 b8 70 01 00 00 00 75 17 4d 89 88
0x0000020d584fd949:   70 01 00 00 49 c7 80 78 01 00 00 01 00 00 00 e9
0x0000020d584fd959:   29 00 00 00 49 83 b8 80 01 00 00 00 75 17 4d 89
0x0000020d584fd969:   88 80 01 00 00 49 c7 80 88 01 00 00 01 00 00 00
0x0000020d584fd979:   e9 08 00 00 00 49 83 80 68 01 00 00 01 8b 7c 24
0x0000020d584fd989:   2c 2b f8 4c 8b c7 48 8b 54 24 30 90 48 b8 28 63
0x0000020d584fd999:   db 0f 0d 02 00 00 e8 cc dd d9 06 0f 1f 84 00 1c
0x0000020d584fd9a9:   04 00 03 48 83 c4 40 5d 

Lock stack of current Java thread (top to bottom):
LockStack[1]: sun.awt.windows.WFramePeer 
{0x0000000601ae6520} - klass: 'sun/awt/windows/WFramePeer' - flags: 

 - ---- fields (total size 19 words):
 - private volatile 'destroyed' 'Z' @12  false (0x00)
 - private volatile 'disposed' 'Z' @13  false (0x00)
 - volatile 'pData' 'J' @16  2255082589040 (0x0000020d0d658b70)
 - volatile 'target' 'Ljava/lang/Object;' @24  a 'com/jagrosh/jmusicbot/gui/GUI'{0x0000000601ae65b8} (0xc035ccb7)
 - volatile 'createError' 'Ljava/lang/Error;' @28  null (0x00000000)
 - private final 'stateLock' 'Ljava/lang/Object;' @32  a 'java/lang/Object'{0x0000000601b4ff60} (0xc0369fec)
 - private volatile 'childPeers' 'Ljava/util/Map;' @36  null (0x00000000)
 - 'isLayouting' 'Z' @14  false (0x00)
 - 'paintPending' 'Z' @15  false (0x00)
 - 'surfaceData' 'Lsun/java2d/SurfaceData;' @40  a 'sun/java2d/d3d/D3DSurfaceData$D3DWindowSurfaceData'{0x0000000601b76770} (0xc036ecee)
 - private 'paintArea' 'Lsun/awt/RepaintArea;' @44  a 'sun/awt/RepaintArea'{0x0000000601b76b68} (0xc036ed6d)
 - protected 'winGraphicsConfig' 'Lsun/awt/Win32GraphicsConfig;' @48  a 'sun/java2d/d3d/D3DGraphicsConfig'{0x0000000601381cd0} (0xc027039a)
 - private 'backBuffer' 'Ljava/awt/image/VolatileImage;' @52  null (0x00000000)
 - private 'backBufferCaps' 'Ljava/awt/BufferCapabilities;' @56  null (0x00000000)
 - private 'foreground' 'Ljava/awt/Color;' @60  a 'java/awt/SystemColor'{0x000000060106c3a8} (0xc020d875)
 - private 'background' 'Ljava/awt/Color;' @64  a 'javax/swing/plaf/ColorUIResource'{0x0000000601519498} (0xc02a3293)
 - private 'font' 'Ljava/awt/Font;' @68  a 'java/awt/Font'{0x000000060106c3f8} (0xc020d87f)
 - protected volatile 'hwnd' 'J' @72  198692 (0x0000000000030824)
 - 'nativeDropTargetContext' 'J' @80  2255079341472 (0x0000020d0d33fda0)
 - 'oldWidth' 'I' @88  421 (0x000001a5)
 - 'oldHeight' 'I' @92  367 (0x0000016f)
 - private 'numBackBuffers' 'I' @96  0 (0x00000000)
 - 'nDropTargets' 'I' @100  1 (0x00000001)
 - public 'serialNum' 'I' @104  3 (0x00000003)
 - private 'updateX1' 'I' @108  0 (0x00000000)
 - private 'updateY1' 'I' @112  0 (0x00000000)
 - private 'updateX2' 'I' @116  0 (0x00000000)
 - private 'updateY2' 'I' @120  0 (0x00000000)
 - private volatile 'isAccelCapable' 'Z' @124  true (0x01)
 - private 'eraseBackground' 'Z' @125  false (0x00)
 - 'insets_' 'Ljava/awt/Insets;' @128  a 'java/awt/Insets'{0x0000000601b76b48} (0xc036ed69)
 - private 'isOpaque' 'Z' @126  true (0x01)
 - private 'modalBlocker' 'Lsun/awt/windows/WWindowPeer;' @132  null (0x00000000)
 - private 'painter' 'Lsun/awt/windows/TranslucentWindowPainter;' @136  null (0x00000000)
 - private 'windowListener' 'Ljava/awt/event/WindowListener;' @140  null (0x00000000)
 - private volatile 'windowType' 'Ljava/awt/Window$Type;' @144  a 'java/awt/Window$Type'{0x00000006013ba9d8} (0xc027753b)
 - private 'opacity' 'F' @148  1.000000 (0x3f800000)
LockStack[0]: java.awt.Component$AWTTreeLock 
{0x0000000601015f40} - klass: 'java/awt/Component$AWTTreeLock' - flags: 

 - ---- fields (total size 2 words):

native method entry point (kind = native)  [0x0000020d5efccdc0, 0x0000020d5efcd8b8]  2808 bytes
[MachCode]
  0x0000020d5efccdc0: 488b 4b08 | 0fb7 492e | 584c 8d74 | ccf8 6800 | 0000 0068 | 0000 0000 | 5055 488b | ec41 5548 
  0x0000020d5efccde0: 8b43 084c | 8d68 3848 | 8b40 0868 | 0000 0000 | 5348 8b50 | 1848 8b52 | 7048 8b12 | 5248 8b53 
  0x0000020d5efcce00: 1048 85d2 | 7407 4881 | c2d0 0000 | 0052 488b | 5010 5249 | 8bc6 482b | c548 c1e8 | 0350 6800 
  0x0000020d5efcce20: 0000 0068 | f7ff ffff | 41c6 87f1 | 0400 0001 | 488b 4310 | 4885 c074 | 208b 8890 | 0000 0083 
  0x0000020d5efcce40: c102 8988 | 9000 0000 | 2388 a400 | 0000 0f84 | b209 0000 | e9cf 0000 | 0048 8b43 | 1848 85c0 
  0x0000020d5efcce60: 0f85 b000 | 0000 e805 | 0000 00e9 | 9900 0000 | 488b d348 | 8d44 2408 | 4c89 6dc0 | 498b cfc5 
  0x0000020d5efcce80: f877 4989 | af38 0400 | 0049 8987 | 2804 0000 | 4883 ec20 | 40f6 c40f | 0f84 1900 | 0000 4883 
  0x0000020d5efccea0: ec08 48b8 | 203d aca6 | fe7f 0000 | ffd0 4883 | c408 e90c | 0000 0048 | b820 3dac | a6fe 7f00 
  0x0000020d5efccec0: 00ff d048 | 83c4 2049 | c787 2804 | 0000 0000 | 0000 49c7 | 8738 0400 | 0000 0000 | 0049 c787 
  0x0000020d5efccee0: 3004 0000 | 0000 0000 | c5f8 7749 | 837f 0800 | 0f84 0500 | 0000 e9e5 | 42ff ff4c | 8b6d c04c 
  0x0000020d5efccf00: 8b75 c84e | 8d74 f500 | c348 8b43 | 1848 85c0 | 0f84 1200 | 0000 8b48 | 0883 c102 | 8948 0823 
  0x0000020d5efccf20: 482c 0f84 | de08 0000 | 493b a770 | 0500 000f | 8748 0000 | 0089 8424 | 00f0 ffff | 8984 2400 
  0x0000020d5efccf40: e0ff ff89 | 8424 00d0 | ffff 8984 | 2400 c0ff | ff89 8424 | 00b0 ffff | 8984 2400 | a0ff ff89 
  0x0000020d5efccf60: 8424 0090 | ffff 8984 | 2400 80ff | ff49 3ba7 | 6805 0000 | 7607 4989 | a770 0500 | 0041 c687 
  0x0000020d5efccf80: f104 0000 | 0048 8b5d | e84c 8b5b | 0845 0fb7 | 5b2e 41c1 | e303 492b | e348 83ec | 2048 83e4 
  0x0000020d5efccfa0: f04c 8b5b | 604d 85db | 0f85 ab00 | 0000 e805 | 0000 00e9 | 9900 0000 | 488b d348 | 8d44 2408 
  0x0000020d5efccfc0: 4c89 6dc0 | 498b cfc5 | f877 4989 | af38 0400 | 0049 8987 | 2804 0000 | 4883 ec20 | 40f6 c40f 
  0x0000020d5efccfe0: 0f84 1900 | 0000 4883 | ec08 48b8 | 5066 aca6 | fe7f 0000 | ffd0 4883 | c408 e90c | 0000 0048 
  0x0000020d5efcd000: b850 66ac | a6fe 7f00 | 00ff d048 | 83c4 2049 | c787 2804 | 0000 0000 | 0000 49c7 | 8738 0400 
  0x0000020d5efcd020: 0000 0000 | 0049 c787 | 3004 0000 | 0000 0000 | c5f8 7749 | 837f 0800 | 0f84 0500 | 0000 e99d 
  0x0000020d5efcd040: 41ff ff4c | 8b6d c04c | 8b75 c84e | 8d74 f500 | c348 8b5d | e84c 8b5b | 6041 ffd3 | 488b 5de8 
  0x0000020d5efcd060: 4889 4518 | 440f b75b | 2c41 f6c3 | 080f 841b | 0000 004c | 8b5b 084d | 8b5b 084d | 8b5b 184d 
  0x0000020d5efcd080: 8b5b 704d | 8b1b 4c89 | 5d10 488d | 5510 488b | 4358 49ba | f049 e7a6 | fe7f 0000 | 493b c20f 
  0x0000020d5efcd0a0: 85ab 0000 | 00e8 0500 | 0000 e999 | 0000 0048 | 8bd3 488d | 4424 084c | 896d c049 | 8bcf c5f8 
  0x0000020d5efcd0c0: 7749 89af | 3804 0000 | 4989 8728 | 0400 0048 | 83ec 2040 | f6c4 0f0f | 8419 0000 | 0048 83ec 
  0x0000020d5efcd0e0: 0848 b850 | 66ac a6fe | 7f00 00ff | d048 83c4 | 08e9 0c00 | 0000 48b8 | 5066 aca6 | fe7f 0000 
  0x0000020d5efcd100: ffd0 4883 | c420 49c7 | 8728 0400 | 0000 0000 | 0049 c787 | 3804 0000 | 0000 0000 | 49c7 8730 
  0x0000020d5efcd120: 0400 0000 | 0000 00c5 | f877 4983 | 7f08 000f | 8405 0000 | 00e9 a640 | ffff 4c8b | 6dc0 4c8b 
  0x0000020d5efcd140: 75c8 4e8d | 74f5 00c3 | 488b 5de8 | 488b 4358 | 498d 8f48 | 0400 004c | 8d15 d500 | 0000 4d89 
  0x0000020d5efcd160: 9730 0400 | 00c5 f877 | 4989 af38 | 0400 0049 | 89a7 2804 | 0000 41c7 | 87d4 0400 | 0004 0000 
  0x0000020d5efcd180: 0049 3ba7 | c805 0000 | 7607 4989 | a7c8 0500 | 00ff d049 | 3ba7 c805 | 0000 720b | 49c7 87c8 
  0x0000020d5efcd1a0: 0500 0000 | 0000 00c5 | f877 4883 | ec10 c5fb | 1104 2448 | 83ec 1048 | 8904 2448 | c744 2408 
  0x0000020d5efcd1c0: 0000 0000 | 41c7 87d4 | 0400 0005 | 0000 00f0 | 8344 24c0 | 0049 3b6f | 280f 870e | 0000 0041 
  0x0000020d5efcd1e0: 83bf d004 | 0000 000f | 8420 0000 | 0049 8bcf | 4c8b e448 | 83ec 2048 | 83e4 f048 | b8d0 ccad 
  0x0000020d5efcd200: a6fe 7f00 | 00ff d049 | 8be4 4d33 | e441 c787 | d404 0000 | 0800 0000 | 4d8b 97f0 | 0500 0049 
  0x0000020d5efcd220: 83fa 0074 | 3549 c787 | f005 0000 | 0000 0000 | 41ff e249 | ba60 befc | 5e0d 0200 | 0041 ffd2 
  0x0000020d5efcd240: 4883 ec10 | c5fb 1104 | 2448 83ec | 1048 8904 | 2448 c744 | 2408 0000 | 0000 49c7 | 8728 0400 
  0x0000020d5efcd260: 0000 0000 | 0049 c787 | 3804 0000 | 0000 0000 | 49c7 8730 | 0400 0000 | 0000 00c5 | f877 4d8b 
  0x0000020d5efcd280: 9fb8 0400 | 0041 c783 | 0001 0000 | 0000 0000 | 49bb 5aa7 | fc5e 0d02 | 0000 4c3b | 5d18 0f85 
  0x0000020d5efcd2a0: 5501 0000 | 488b 0424 | 4883 c410 | 4885 c00f | 842f 0100 | 00a8 030f | 8508 0000 | 0048 8b00 
  0x0000020d5efcd2c0: e91f 0100 | 00a8 010f | 8509 0000 | 0048 8b40 | fee9 0e01 | 0000 488b | 40ff 4180 | 7f48 000f 
  0x0000020d5efcd2e0: 84ff 0000 | 0048 83f8 | 000f 84f5 | 0000 004d | 8b5f 384d | 85db 0f84 | 1400 0000 | 4983 eb08 
  0x0000020d5efcd300: 4d89 5f38 | 4d03 5f40 | 4989 03e9 | d400 0000 | 4883 ec70 | 4889 0424 | 4889 4c24 | 0848 8954 
  0x0000020d5efcd320: 2410 4c89 | 4424 184c | 894c 2420 | 4c89 5424 | 284c 895c | 2430 c5fb | 1144 2440 | c5fb 114c 
  0x0000020d5efcd340: 2448 c5fb | 1154 2450 | c5fb 115c | 2458 c5fb | 1164 2460 | c5fb 116c | 2468 498b | d748 8bc8 
  0x0000020d5efcd360: 4883 ec20 | 40f6 c40f | 0f84 1900 | 0000 4883 | ec08 48b8 | 508a a0a6 | fe7f 0000 | ffd0 4883 
  0x0000020d5efcd380: c408 e90c | 0000 0048 | b850 8aa0 | a6fe 7f00 | 00ff d048 | 83c4 20c5 | fb10 6c24 | 68c5 fb10 
  0x0000020d5efcd3a0: 6424 60c5 | fb10 5c24 | 58c5 fb10 | 5424 50c5 | fb10 4c24 | 48c5 fb10 | 4424 404c | 8b5c 2430 
  0x0000020d5efcd3c0: 4c8b 5424 | 284c 8b4c | 2420 4c8b | 4424 1848 | 8b54 2410 | 488b 4c24 | 0848 8b04 | 2448 83c4 
  0x0000020d5efcd3e0: 70c5 f877 | 4889 4510 | 4883 ec10 | 4889 0424 | 48c7 4424 | 0800 0000 | 0041 83bf | 5005 0000 
  0x0000020d5efcd400: 020f 85bf | 0000 0048 | 81ec 8000 | 0000 4889 | 4424 7848 | 894c 2470 | 4889 5424 | 6848 895c 
  0x0000020d5efcd420: 2460 4889 | 6c24 5048 | 8974 2448 | 4889 7c24 | 404c 8944 | 2438 4c89 | 4c24 304c | 8954 2428 
  0x0000020d5efcd440: 4c89 5c24 | 204c 8964 | 2418 4c89 | 6c24 104c | 8974 2408 | 4c89 3c24 | 4c8b e448 | 83ec 2048 
  0x0000020d5efcd460: 83e4 f048 | b860 31e7 | a6fe 7f00 | 00ff d049 | 8be4 4c8b | 3c24 4c8b | 7424 084c | 8b6c 2410 
  0x0000020d5efcd480: 4c8b 6424 | 184c 8b5c | 2420 4c8b | 5424 284c | 8b4c 2430 | 4c8b 4424 | 3848 8b7c | 2440 488b 
  0x0000020d5efcd4a0: 7424 4848 | 8b6c 2450 | 488b 5c24 | 6048 8b54 | 2468 488b | 4c24 7048 | 8b44 2478 | 4881 c480 
  0x0000020d5efcd4c0: 0000 004d | 33e4 488b | 5de8 4c8b | 6b08 4d8d | 6d38 4983 | 7f08 000f | 84bb 0000 | 00e8 0500 
  0x0000020d5efcd4e0: 0000 e996 | 0000 0048 | 8d44 2408 | 4c89 6dc0 | 498b cfc5 | f877 4989 | af38 0400 | 0049 8987 
  0x0000020d5efcd500: 2804 0000 | 4883 ec20 | 40f6 c40f | 0f84 1900 | 0000 4883 | ec08 48b8 | 9084 aca6 | fe7f 0000 
  0x0000020d5efcd520: ffd0 4883 | c408 e90c | 0000 0048 | b890 84ac | a6fe 7f00 | 00ff d048 | 83c4 2049 | c787 2804 
  0x0000020d5efcd540: 0000 0000 | 0000 49c7 | 8738 0400 | 0000 0000 | 0049 c787 | 3004 0000 | 0000 0000 | c5f8 7749 
  0x0000020d5efcd560: 837f 0800 | 0f84 0500 | 0000 e971 | 3cff ff4c | 8b6d c04c | 8b75 c84e | 8d74 f500 | c348 b960 
  0x0000020d5efcd580: 2019 a7fe | 7f00 0048 | 83e4 f048 | b850 a8d3 | a6fe 7f00 | 00ff d0f4 | 440f b75b | 2c41 f6c3 
  0x0000020d5efcd5a0: 200f 8472 | 0100 0048 | 8d55 a84c | 8b5a 084d | 85db 0f85 | bb00 0000 | e805 0000 | 00e9 9600 
  0x0000020d5efcd5c0: 0000 488d | 4424 084c | 896d c049 | 8bcf c5f8 | 7749 89af | 3804 0000 | 4989 8728 | 0400 0048 
  0x0000020d5efcd5e0: 83ec 2040 | f6c4 0f0f | 8419 0000 | 0048 83ec | 0848 b8c0 | 83ac a6fe | 7f00 00ff | d048 83c4 
  0x0000020d5efcd600: 08e9 0c00 | 0000 48b8 | c083 aca6 | fe7f 0000 | ffd0 4883 | c420 49c7 | 8728 0400 | 0000 0000 
  0x0000020d5efcd620: 0049 c787 | 3804 0000 | 0000 0000 | 49c7 8730 | 0400 0000 | 0000 00c5 | f877 4983 | 7f08 000f 
  0x0000020d5efcd640: 8405 0000 | 00e9 963b | ffff 4c8b | 6dc0 4c8b | 75c8 4e8d | 74f5 00c3 | 48b9 6020 | 19a7 fe7f 
  0x0000020d5efcd660: 0000 4883 | e4f0 48b8 | 50a8 d3a6 | fe7f 0000 | ffd0 f44c | 896d c04c | 8b4a 0848 | c742 0800 
  0x0000020d5efcd680: 0000 0045 | 8b87 d806 | 0000 4f3b | 4c07 f80f | 8542 0000 | 0041 83af | d806 0000 | 084f 3b4c 
  0x0000020d5efcd6a0: 07f0 0f84 | 2a00 0000 | 498b 01a8 | 020f 8512 | 0000 004c | 8bc0 4983 | c801 f04d | 0fb1 010f 
  0x0000020d5efcd6c0: 840d 0000 | 0041 8387 | d806 0000 | 08e9 0500 | 0000 e93e | 0000 004c | 894a 0848 | 8bca 4883 
  0x0000020d5efcd6e0: ec20 40f6 | c40f 0f84 | 1900 0000 | 4883 ec08 | 48b8 1056 | aca6 fe7f | 0000 ffd0 | 4883 c408 
  0x0000020d5efcd700: e90c 0000 | 0048 b810 | 56ac a6fe | 7f00 00ff | d048 83c4 | 204c 8b6d | c041 c687 | 9603 0000 
  0x0000020d5efcd720: 0149 3b6f | 280f 8705 | 0000 00e9 | ab00 0000 | 4883 ec10 | c5fb 1104 | 2448 83ec | 1048 8904 
  0x0000020d5efcd740: 2448 c744 | 2408 0000 | 0000 c5f8 | 7749 89af | 3804 0000 | 49ba 4ad7 | fc5e 0d02 | 0000 4d89 
  0x0000020d5efcd760: 9730 0400 | 0049 89a7 | 2804 0000 | 498b cf48 | 83ec 2040 | f6c4 0f0f | 8419 0000 | 0048 83ec 
  0x0000020d5efcd780: 0848 b8b0 | 3cac a6fe | 7f00 00ff | d048 83c4 | 08e9 0c00 | 0000 48b8 | b03c aca6 | fe7f 0000 
  0x0000020d5efcd7a0: ffd0 4883 | c420 49c7 | 8728 0400 | 0000 0000 | 0049 c787 | 3804 0000 | 0000 0000 | 49c7 8730 
  0x0000020d5efcd7c0: 0400 0000 | 0000 00c5 | f877 488b | 0424 4883 | c410 c5fb | 1004 2448 | 83c4 1048 | 8b04 2448 
  0x0000020d5efcd7e0: 83c4 10c5 | fb10 0424 | 4883 c410 | 4c8b 5d18 | 41ff d34c | 8b5d f8c9 | 41c6 8796 | 0300 0000 
  0x0000020d5efcd800: 5f49 8be3 | ffe7 ba00 | 0000 00e8 | 0500 0000 | e996 0000 | 0048 8d44 | 2408 4c89 | 6dc0 498b 
  0x0000020d5efcd820: cfc5 f877 | 4989 af38 | 0400 0049 | 8987 2804 | 0000 4883 | ec20 40f6 | c40f 0f84 | 1900 0000 
  0x0000020d5efcd840: 4883 ec08 | 48b8 004c | aca6 fe7f | 0000 ffd0 | 4883 c408 | e90c 0000 | 0048 b800 | 4cac a6fe 
  0x0000020d5efcd860: 7f00 00ff | d048 83c4 | 2049 c787 | 2804 0000 | 0000 0000 | 49c7 8738 | 0400 0000 | 0000 0049 
  0x0000020d5efcd880: c787 3004 | 0000 0000 | 0000 c5f8 | 7749 837f | 0800 0f84 | 0500 0000 | e943 39ff | ff4c 8b6d 
  0x0000020d5efcd8a0: c04c 8b75 | c84e 8d74 | f500 c348 | 8b5d e8e9 | 74f6 ffff | 0f1f 4000 
[/MachCode]

Compiled method (c1) 11729608 3983   !   3       java.awt.event.InvocationEvent::dispatch (69 bytes)
 total in heap  [0x0000020d580fc608,0x0000020d580fcd60] = 1880
 main code      [0x0000020d580fc700,0x0000020d580fccf8] = 1528
 stub code      [0x0000020d580fccf8,0x0000020d580fcd60] = 104
 mutable data [0x0000020d0fe10350,0x0000020d0fe103e8] = 152
 relocation     [0x0000020d0fe10350,0x0000020d0fe103e0] = 144
 metadata       [0x0000020d0fe103e0,0x0000020d0fe103e8] = 8
 immutable data [0x0000020d0fe2f830,0x0000020d0fe2f9d8] = 424
 dependencies   [0x0000020d0fe2f830,0x0000020d0fe2f838] = 8
 nul chk table  [0x0000020d0fe2f838,0x0000020d0fe2f850] = 24
 handler table  [0x0000020d0fe2f850,0x0000020d0fe2f8e0] = 144
 scopes pcs     [0x0000020d0fe2f8e0,0x0000020d0fe2f980] = 160
 scopes data    [0x0000020d0fe2f980,0x0000020d0fe2f9d8] = 88

[Constant Pool (empty)]

[MachCode]
[Instructions begin]
  0x0000020d580fc700: 660f 1f84 | 0000 0000 | 0066 0f1f | 8400 0000 | 0000 448b | 5208 443b 

  0x0000020d580fc718: ;   {runtime_call Shared Runtime ic_miss_blob}
  0x0000020d580fc718: 5008 0f85 | c023 f106 
[Verified Entry Point]
  0x0000020d580fc720: 8984 2400 | 80ff ff55 | 4883 ec30 | 4181 7f20 | 0500 0000 

  0x0000020d580fc734: ;   {runtime_call Stub::method_entry_barrier}
  0x0000020d580fc734: 7405 e805 | 7bef 0648 | 8954 2418 

  0x0000020d580fc740: ;   {metadata(method data for {method} {0x0000020d762e0298} 'dispatch' '()V' in 'java/awt/event/InvocationEvent')}
  0x0000020d580fc740: 48be b840 | 1c77 0d02 | 0000 8bbe | 9000 0000 | 83c7 0289 | be90 0000 | 0081 e7fe | 0700 0085 
  0x0000020d580fc760: ff0f 84af | 0400 000f | be72 1d85 

  0x0000020d580fc76c: ;   {metadata(method data for {method} {0x0000020d762e0298} 'dispatch' '()V' in 'java/awt/event/InvocationEvent')}
  0x0000020d580fc76c: f648 beb8 | 401c 770d | 0200 00bf | d800 0000 | 7405 bfe8 | 0000 0048 | 8b1c 3e48 | 8d5b 0148 
  0x0000020d580fc78c: 891c 3e0f | 84d1 0000 | 008b 7228 | 48c1 e603 

  0x0000020d580fc79c: ; implicit exception: dispatches to 0x0000020d580fcc37
  0x0000020d580fc79c: 483b 0648 

  0x0000020d580fc7a0: ;   {metadata(method data for {method} {0x0000020d762e0298} 'dispatch' '()V' in 'java/awt/event/InvocationEvent')}
  0x0000020d580fc7a0: 8bfe 48bb | b840 1c77 | 0d02 0000 | 8b7f 0841 | ba00 0000 | 1f49 03fa | 483b bb00 | 0100 0075 
  0x0000020d580fc7c0: 0d48 8383 | 0801 0000 | 01e9 6000 | 0000 483b | bb10 0100 | 0075 0d48 | 8383 1801 | 0000 01e9 
  0x0000020d580fc7e0: 4a00 0000 | 4883 bb00 | 0100 0000 | 7517 4889 | bb00 0100 | 0048 c783 | 0801 0000 | 0100 0000 
  0x0000020d580fc800: e929 0000 | 0048 83bb | 1001 0000 | 0075 1748 | 89bb 1001 | 0000 48c7 | 8318 0100 | 0001 0000 
  0x0000020d580fc820: 00e9 0800 | 0000 4883 | 83f8 0000 | 0001 488b | d60f 1f40 | 0048 b850 | 30e7 0f0d 

  0x0000020d580fc83c: ;   {virtual_call}
  0x0000020d580fc83c: 0200 00e8 

  0x0000020d580fc840: ; ImmutableOopMap {[24]=Oop }
                      ;*invokeinterface run {reexecute=0 rethrow=0 return_oop=0}
                      ; - java.awt.event.InvocationEvent::dispatch@11 (line 313)
  0x0000020d580fc840: 9c28 f106 

  0x0000020d580fc844: ;   {post_call_nop}
  0x0000020d580fc844: 0f1f 8400 | 3c02 0000 

  0x0000020d580fc84c: ;   {metadata(method data for {method} {0x0000020d762e0298} 'dispatch' '()V' in 'java/awt/event/InvocationEvent')}
  0x0000020d580fc84c: 48ba b840 | 1c77 0d02 | 0000 ff82 | 2801 0000 | 488b 5424 | 18e9 0703 | 0000 8b72 | 2848 c1e6 
  0x0000020d580fc86c: 0348 3b06 

  0x0000020d580fc870: ;   {metadata(method data for {method} {0x0000020d762e0298} 'dispatch' '()V' in 'java/awt/event/InvocationEvent')}
  0x0000020d580fc870: 488b fe48 | bbb8 401c | 770d 0200 | 008b 7f08 | 41ba 0000 | 001f 4903 | fa48 3bbb | e001 0000 
  0x0000020d580fc890: 750d 4883 | 83e8 0100 | 0001 e960 | 0000 0048 | 3bbb f001 | 0000 750d | 4883 83f8 | 0100 0001 
  0x0000020d580fc8b0: e94a 0000 | 0048 83bb | e001 0000 | 0075 1748 | 89bb e001 | 0000 48c7 | 83e8 0100 | 0001 0000 
  0x0000020d580fc8d0: 00e9 2900 | 0000 4883 | bbf0 0100 | 0000 7517 | 4889 bbf0 | 0100 0048 | c783 f801 | 0000 0100 
  0x0000020d580fc8f0: 0000 e908 | 0000 0048 | 8383 d801 | 0000 0148 | 8bd6 6666 | 9048 b878 | 30e7 0f0d 

  0x0000020d580fc90c: ;   {virtual_call}
  0x0000020d580fc90c: 0200 00e8 

  0x0000020d580fc910: ; ImmutableOopMap {[24]=Oop }
                      ;*invokeinterface run {reexecute=0 rethrow=0 return_oop=0}
                      ; - java.awt.event.InvocationEvent::dispatch@47 (line 323)
  0x0000020d580fc910: 9ce7 1907 

  0x0000020d580fc914: ;   {post_call_nop}
  0x0000020d580fc914: 0f1f 8400 | 0c03 0001 | 488b 5424 | 18e9 4702 | 0000 498b | 8788 0500 | 004d 33d2 | 4d89 9788 
  0x0000020d580fc934: 0500 004d | 33d2 4d89 | 9790 0500 | 0048 85c0 

  0x0000020d580fc944: ;   {metadata(method data for {method} {0x0000020d762e0298} 'dispatch' '()V' in 'java/awt/event/InvocationEvent')}
  0x0000020d580fc944: 48be b840 | 1c77 0d02 | 0000 750c | 808e 3901 | 0000 01e9 | a700 0000 | 8b78 0841 | ba00 0000 
  0x0000020d580fc964: 1f49 03fa | 483b be48 | 0100 0075 | 0d48 8386 | 5001 0000 | 01e9 6000 | 0000 483b | be58 0100 
  0x0000020d580fc984: 0075 0d48 | 8386 6001 | 0000 01e9 | 4a00 0000 | 4883 be48 | 0100 0000 | 7517 4889 | be48 0100 
  0x0000020d580fc9a4: 0048 c786 | 5001 0000 | 0100 0000 | e929 0000 | 0048 83be | 5801 0000 | 0075 1748 | 89be 5801 
  0x0000020d580fc9c4: 0000 48c7 | 8660 0100 | 0001 0000 | 00e9 0800 | 0000 4883 | 8640 0100 

  0x0000020d580fc9dc: ;   {metadata('java/lang/Exception')}
  0x0000020d580fc9dc: 0001 48bf | 50b8 1d1f | 0000 0000 | 8b70 0841 | ba00 0000 | 1f49 03f2 | 483b 7e40 | 0f85 0500 
  0x0000020d580fc9fc: 0000 e905 | 0000 004d | 33c0 eb06 | 41b8 0100 | 0000 4585 

  0x0000020d580fca10: ;   {metadata(method data for {method} {0x0000020d762e0298} 'dispatch' '()V' in 'java/awt/event/InvocationEvent')}
  0x0000020d580fca10: c049 b8b8 | 401c 770d | 0200 00ba | 7001 0000 | 7405 ba80 | 0100 0049 | 8b34 1048 | 8d76 0149 
  0x0000020d580fca30: 8934 1048 | 8b54 2418 | 0f84 f100 | 0000 4885 

  0x0000020d580fca40: ;   {metadata(method data for {method} {0x0000020d762e0298} 'dispatch' '()V' in 'java/awt/event/InvocationEvent')}
  0x0000020d580fca40: c048 bfb8 | 401c 770d | 0200 0075 | 0c80 8f89 | 0100 0001 | e9a7 0000 | 008b 5808 | 41ba 0000 
  0x0000020d580fca60: 001f 4903 | da48 3b9f | 9801 0000 | 750d 4883 | 87a0 0100 | 0001 e960 | 0000 0048 | 3b9f a801 
  0x0000020d580fca80: 0000 750d | 4883 87b0 | 0100 0001 | e94a 0000 | 0048 83bf | 9801 0000 | 0075 1748 | 899f 9801 
  0x0000020d580fcaa0: 0000 48c7 | 87a0 0100 | 0001 0000 | 00e9 2900 | 0000 4883 | bfa8 0100 | 0000 7517 | 4889 9fa8 
  0x0000020d580fcac0: 0100 0048 | c787 b001 | 0000 0100 | 0000 e908 | 0000 0048 | 8387 9001 

  0x0000020d580fcad8: ;   {metadata('java/lang/Exception')}
  0x0000020d580fcad8: 0000 0148 | bb50 b81d | 1f00 0000 | 008b 7808 | 41ba 0000 | 001f 4903 | fa48 3b5f | 400f 8546 
  0x0000020d580fcaf8: 0100 00e9 | 0000 0000 | 4c8b c041 | 0fbe 7748 | 85f6 0f85 | 3a01 0000 | 4d8b d049 | c1ea 0344 
  0x0000020d580fcb18: 8952 3448 | 8bf2 4933 | f048 c1ee | 1648 83fe | 000f 853a | 0100 0045 | 0fbe 4748 | 4585 c00f 
  0x0000020d580fcb38: 8544 0100 | 004c 8bd0 | 49c1 ea03 | 4489 5238 | 4c8b c24c | 33c0 49c1 | e816 4983 | f800 0f85 
  0x0000020d580fcb58: 4501 0000 

  0x0000020d580fcb5c: ;   {metadata(method data for {method} {0x0000020d762e0298} 'dispatch' '()V' in 'java/awt/event/InvocationEvent')}
  0x0000020d580fcb5c: 49b8 b840 | 1c77 0d02 | 0000 41ff | 80c0 0100 | 004c 8bc2 

  0x0000020d580fcb70: ;   {metadata(method data for {method} {0x0000020d762e0298} 'dispatch' '()V' in 'java/awt/event/InvocationEvent')}
  0x0000020d580fcb70: 48be b840 | 1c77 0d02 | 0000 4883 | 8608 0200 | 0001 41b8 | 0100 0000 | 0f1f 8000 

  0x0000020d580fcb8c: ;   {optimized virtual_call}
  0x0000020d580fcb8c: 0000 00e8 

  0x0000020d580fcb90: ; ImmutableOopMap {}
                      ;*invokevirtual finishedDispatching {reexecute=0 rethrow=0 return_oop=0}
                      ; - java.awt.event.InvocationEvent::dispatch@54 (line 326)
  0x0000020d580fcb90: 8c43 3d00 

  0x0000020d580fcb94: ;   {post_call_nop}
  0x0000020d580fcb94: 0f1f 8400 | 8c05 0002 

  0x0000020d580fcb9c: ;   {metadata(method data for {method} {0x0000020d762e0298} 'dispatch' '()V' in 'java/awt/event/InvocationEvent')}
  0x0000020d580fcb9c: 48b8 b840 | 1c77 0d02 | 0000 ff80 | 3802 0000 | 4883 c430 

  0x0000020d580fcbb0: ;   {poll_return}
  0x0000020d580fcbb0: 5d49 3b67 | 280f 87fe | 0000 00c3 | 488b 5424 | 1849 8b87 | 8805 0000 | 4d33 d24d | 8997 8805 
  0x0000020d580fcbd0: 0000 4d33 | d24d 8997 | 9005 0000 

  0x0000020d580fcbdc: ;   {metadata(method data for {method} {0x0000020d762e0298} 'dispatch' '()V' in 'java/awt/event/InvocationEvent')}
  0x0000020d580fcbdc: 4c8b c248 | beb8 401c | 770d 0200 | 0048 8386 | 5002 0000 | 0141 b801 | 0000 0048 | 8944 2420 
  0x0000020d580fcbfc: ;   {optimized virtual_call}
  0x0000020d580fcbfc: 6666 90e8 

  0x0000020d580fcc00: ; ImmutableOopMap {[32]=Oop }
                      ;*invokevirtual finishedDispatching {reexecute=0 rethrow=0 return_oop=0}
                      ; - java.awt.event.InvocationEvent::dispatch@63 (line 326)
  0x0000020d580fcc00: 1c43 3d00 

  0x0000020d580fcc04: ;   {post_call_nop}
  0x0000020d580fcc04: 0f1f 8400 | fc05 0003 | 488b 4424 | 20e9 d600 

  0x0000020d580fcc14: ;   {metadata({method} {0x0000020d762e0298} 'dispatch' '()V' in 'java/awt/event/InvocationEvent')}
  0x0000020d580fcc14: 0000 49ba | 9002 2e76 | 0d02 0000 | 4c89 5424 | 0848 c704 | 24ff ffff 

  0x0000020d580fcc2c: ;   {runtime_call C1 Runtime counter_overflow_blob}
  0x0000020d580fcc2c: ffe8 2e1a 

  0x0000020d580fcc30: ; ImmutableOopMap {rdx=Oop [24]=Oop }
                      ;*synchronization entry
                      ; - java.awt.event.InvocationEvent::dispatch@-1 (line 311)
  0x0000020d580fcc30: fe06 e930 

  0x0000020d580fcc34: ;   {runtime_call C1 Runtime throw_null_pointer_exception_blob}
  0x0000020d580fcc34: fbff ffe8 

  0x0000020d580fcc38: ; ImmutableOopMap {rdx=Oop rsi=Oop [24]=Oop }
                      ;*invokeinterface run {reexecute=0 rethrow=0 return_oop=0}
                      ; - java.awt.event.InvocationEvent::dispatch@11 (line 313)
  0x0000020d580fcc38: 24ba fd06 

  0x0000020d580fcc3c: ;   {runtime_call C1 Runtime throw_null_pointer_exception_blob}
  0x0000020d580fcc3c: e81f bafd 

  0x0000020d580fcc40: ; ImmutableOopMap {rdx=Oop rsi=Oop [24]=Oop }
                      ;*invokeinterface run {reexecute=0 rethrow=0 return_oop=0}
                      ; - java.awt.event.InvocationEvent::dispatch@47 (line 323)
  0x0000020d580fcc40: 0648 8904 

  0x0000020d580fcc44: ;   {runtime_call C1 Runtime throw_class_cast_exception_blob}
  0x0000020d580fcc44: 24e8 96e6 

  0x0000020d580fcc48: ; ImmutableOopMap {rax=Oop rdx=Oop [24]=Oop }
                      ;*checkcast {reexecute=0 rethrow=0 return_oop=0}
                      ; - java.awt.event.InvocationEvent::dispatch@29 (line 317)
  0x0000020d580fcc48: fd06 8b72 | 3448 c1e6 | 0348 83fe | 000f 84b5 | feff ff48 

  0x0000020d580fcc5c: ;   {runtime_call g1_pre_barrier_slow}
  0x0000020d580fcc5c: 8934 24e8 | fc1f fe06 | e9a7 feff | ff49 83f8 | 000f 84bc | feff ff48 

  0x0000020d580fcc74: ;   {runtime_call g1_post_barrier_slow}
  0x0000020d580fcc74: 8914 24e8 | e422 fe06 | e9ae feff | ff44 8b42 | 3849 c1e0 | 0349 83f8 | 000f 84aa | feff ff4c 
  0x0000020d580fcc94: ;   {runtime_call g1_pre_barrier_slow}
  0x0000020d580fcc94: 8904 24e8 | c41f fe06 | e99c feff | ff48 83f8 | 000f 84b1 | feff ff48 

  0x0000020d580fccac: ;   {runtime_call g1_post_barrier_slow}
  0x0000020d580fccac: 8914 24e8 | ac22 fe06 | e9a3 feff 

  0x0000020d580fccb8: ;   {internal_word}
  0x0000020d580fccb8: ff49 bab1 | cb0f 580d | 0200 004d | 8997 e004 

  0x0000020d580fccc8: ;   {runtime_call SafepointBlob}
  0x0000020d580fccc8: 0000 e991 | 42f1 0649 | 8b87 8805 | 0000 49c7 | 8788 0500 | 0000 0000 | 0049 c787 | 9005 0000 
  0x0000020d580fcce8: 0000 0000 | 4883 c430 

  0x0000020d580fccf0: ;   {runtime_call C1 Runtime unwind_exception_blob}
  0x0000020d580fccf0: 5de9 eaa6 | fd06 f4f4 
[Stub Code]
  0x0000020d580fccf8: ;   {other}
  0x0000020d580fccf8: 0f1f 4400 

  0x0000020d580fccfc: ;   {static_stub}
  0x0000020d580fccfc: 0048 bb00 | 0000 0000 

  0x0000020d580fcd04: ;   {runtime_call nmethod}
  0x0000020d580fcd04: 0000 00e9 | fbff ffff 

  0x0000020d580fcd0c: ;   {static_stub}
  0x0000020d580fcd0c: 9048 bb00 | 0000 0000 

  0x0000020d580fcd14: ;   {runtime_call nmethod}
  0x0000020d580fcd14: 0000 00e9 | fbff ffff 

  0x0000020d580fcd1c: ;   {static_stub}
  0x0000020d580fcd1c: 48bb 9006 | 2e76 0d02 

  0x0000020d580fcd24: ;   {runtime_call I2C/C2I adapters}
  0x0000020d580fcd24: 0000 e98b 

  0x0000020d580fcd28: ;   {runtime_call C1 Runtime handle_exception_from_callee_blob}
  0x0000020d580fcd28: 8bf1 06e8 | b0df fd06 

  0x0000020d580fcd30: ;   {external_word}
  0x0000020d580fcd30: 48b9 6020 | 19a7 fe7f | 0000 4883 

  0x0000020d580fcd3c: ;   {runtime_call}
  0x0000020d580fcd3c: e4f0 48b8 | 50a8 d3a6 | fe7f 0000 

  0x0000020d580fcd48: ;   {section_word}
  0x0000020d580fcd48: ffd0 f449 | ba4b cd0f | 580d 0200 

  0x0000020d580fcd54: ;   {runtime_call DeoptimizationBlob}
  0x0000020d580fcd54: 0041 52e9 | 0445 f106 | f4f4 f4f4 
[/MachCode]


Compiled method (c1) 11729625 3552       3       java.awt.EventQueue::dispatchEventImpl (139 bytes)
 total in heap  [0x0000020d57b6ac08,0x0000020d57b6cd58] = 8528
 main code      [0x0000020d57b6ad00,0x0000020d57b6cc38] = 7992
 stub code      [0x0000020d57b6cc38,0x0000020d57b6cd48] = 272
 oops           [0x0000020d57b6cd48,0x0000020d57b6cd58] = 16
 mutable data [0x0000020d100d56a0,0x0000020d100d5a10] = 880
 relocation     [0x0000020d100d56a0,0x0000020d100d5948] = 680
 metadata       [0x0000020d100d5948,0x0000020d100d5a10] = 200
 immutable data [0x0000020d0ff0bee0,0x0000020d0ff0c668] = 1928
 dependencies   [0x0000020d0ff0bee0,0x0000020d0ff0bf18] = 56
 nul chk table  [0x0000020d0ff0bf18,0x0000020d0ff0bf98] = 128
 handler table  [0x0000020d0ff0bf98,0x0000020d0ff0c058] = 192
 scopes pcs     [0x0000020d0ff0c058,0x0000020d0ff0c438] = 992
 scopes data    [0x0000020d0ff0c438,0x0000020d0ff0c668] = 560

[Constant Pool (empty)]

[MachCode]
[Instructions begin]
  0x0000020d57b6ad00: 660f 1f84 | 0000 0000 | 0066 0f1f | 8400 0000 | 0000 448b | 5208 443b 

  0x0000020d57b6ad18: ;   {runtime_call Shared Runtime ic_miss_blob}
  0x0000020d57b6ad18: 5008 0f85 | c03d 4a07 
[Verified Entry Point]
  0x0000020d57b6ad20: 8984 2400 | 80ff ff55 | 4881 ecd0 | 0000 0090 | 4181 7f20 | 0500 0000 

  0x0000020d57b6ad38: ;   {runtime_call Stub::method_entry_barrier}
  0x0000020d57b6ad38: 7405 e801 | 9548 074c | 8984 24a8 

  0x0000020d57b6ad44: ;   {metadata(method data for {method} {0x0000020d75e0a460} 'dispatchEventImpl' '(Ljava/awt/AWTEvent;Ljava/lang/Object;)V' in 'java/awt/EventQueue')}
  0x0000020d57b6ad44: 0000 0048 | be78 d0db | 760d 0200 | 008b be90 | 0000 0083 | c702 89be | 9000 0000 | 81e7 fe07 
  0x0000020d57b6ad64: 0000 85ff | 0f84 8e1a | 0000 41c6 | 401a 014d 

  0x0000020d57b6ad74: ;   {metadata(method data for {method} {0x0000020d75e0a460} 'dispatchEventImpl' '(Ljava/awt/AWTEvent;Ljava/lang/Object;)V' in 'java/awt/EventQueue')}
  0x0000020d57b6ad74: 85c0 48bb | 78d0 db76 | 0d02 0000 | 750c 808b | d100 0000 | 01e9 c300 | 0000 418b | 4008 41ba 
  0x0000020d57b6ad94: 0000 001f | 4903 c248 | 3b83 e000 | 0000 750d | 4883 83e8 | 0000 0001 | e960 0000 | 0048 3b83 
  0x0000020d57b6adb4: f000 0000 | 750d 4883 | 83f8 0000 | 0001 e94a | 0000 0048 | 83bb e000 | 0000 0075 | 1748 8983 
  0x0000020d57b6add4: e000 0000 | 48c7 83e8 | 0000 0001 | 0000 00e9 | 2900 0000 | 4883 bbf0 | 0000 0000 | 7517 4889 
  0x0000020d57b6adf4: 83f0 0000 | 0048 c783 | f800 0000 | 0100 0000 | e908 0000 | 0048 8383 | d800 0000 

  0x0000020d57b6ae10: ;   {metadata('java/awt/ActiveEvent')}
  0x0000020d57b6ae10: 0148 b808 | 7c27 2000 | 0000 0041 | 8b58 0841 | ba00 0000 | 1f49 03da | 483b 4320 | 0f84 2400 
  0x0000020d57b6ae30: 0000 483b | d80f 841b | 0000 0053 

  0x0000020d57b6ae3c: ;   {runtime_call C1 Runtime slow_subtype_check_blob}
  0x0000020d57b6ae3c: 50e8 9e0a | 5707 5b5b | 85db 0f84 | 0500 0000 | e905 0000 | 0048 33f6 | eb05 be01 | 0000 0085 
  0x0000020d57b6ae5c: ;   {metadata(method data for {method} {0x0000020d75e0a460} 'dispatchEventImpl' '(Ljava/awt/AWTEvent;Ljava/lang/Object;)V' in 'java/awt/EventQueue')}
  0x0000020d57b6ae5c: f648 be78 | d0db 760d | 0200 00bf | 1801 0000 | 7505 bf08 | 0100 0048 | 8b1c 3e48 | 8d5b 0148 
  0x0000020d57b6ae7c: 891c 3e0f | 8543 1500 | 004d 85c9 

  0x0000020d57b6ae88: ;   {metadata(method data for {method} {0x0000020d75e0a460} 'dispatchEventImpl' '(Ljava/awt/AWTEvent;Ljava/lang/Object;)V' in 'java/awt/EventQueue')}
  0x0000020d57b6ae88: 48bb 78d0 | db76 0d02 | 0000 750c | 808b c901 | 0000 01e9 | a900 0000 | 418b 4108 | 41ba 0000 
  0x0000020d57b6aea8: 001f 4903 | c248 3b83 | d801 0000 | 750d 4883 | 83e0 0100 | 0001 e960 | 0000 0048 | 3b83 e801 
  0x0000020d57b6aec8: 0000 750d | 4883 83f0 | 0100 0001 | e94a 0000 | 0048 83bb | d801 0000 | 0075 1748 | 8983 d801 
  0x0000020d57b6aee8: 0000 48c7 | 83e0 0100 | 0001 0000 | 00e9 2900 | 0000 4883 | bbe8 0100 | 0000 7517 | 4889 83e8 
  0x0000020d57b6af08: 0100 0048 | c783 f001 | 0000 0100 | 0000 e908 | 0000 0048 | 8383 d001 

  0x0000020d57b6af20: ;   {metadata('java/awt/Component')}
  0x0000020d57b6af20: 0000 0148 | b8e0 2119 | 2000 0000 | 0041 8b59 | 0841 ba00 | 0000 1f49 | 03da 483b | 4338 0f85 
  0x0000020d57b6af40: 0500 0000 | e905 0000 | 0048 33f6 | eb05 be01 | 0000 0085 

  0x0000020d57b6af54: ;   {metadata(method data for {method} {0x0000020d75e0a460} 'dispatchEventImpl' '(Ljava/awt/AWTEvent;Ljava/lang/Object;)V' in 'java/awt/EventQueue')}
  0x0000020d57b6af54: f648 be78 | d0db 760d | 0200 00bf | 0002 0000 | 7405 bf10 | 0200 0048 | 8b1c 3e48 | 8d5b 0148 
  0x0000020d57b6af74: 891c 3e0f | 84bc 0600 | 004d 85c9 

  0x0000020d57b6af80: ;   {metadata(method data for {method} {0x0000020d75e0a460} 'dispatchEventImpl' '(Ljava/awt/AWTEvent;Ljava/lang/Object;)V' in 'java/awt/EventQueue')}
  0x0000020d57b6af80: 48bf 78d0 | db76 0d02 | 0000 750c | 808f 1902 | 0000 01e9 | a900 0000 | 418b 5908 | 41ba 0000 
  0x0000020d57b6afa0: 001f 4903 | da48 3b9f | 2802 0000 | 750d 4883 | 8730 0200 | 0001 e960 | 0000 0048 | 3b9f 3802 
  0x0000020d57b6afc0: 0000 750d | 4883 8740 | 0200 0001 | e94a 0000 | 0048 83bf | 2802 0000 | 0075 1748 | 899f 2802 
  0x0000020d57b6afe0: 0000 48c7 | 8730 0200 | 0001 0000 | 00e9 2900 | 0000 4883 | bf38 0200 | 0000 7517 | 4889 9f38 
  0x0000020d57b6b000: 0200 0048 | c787 4002 | 0000 0100 | 0000 e908 | 0000 0048 | 8387 2002 

  0x0000020d57b6b018: ;   {metadata('java/awt/Component')}
  0x0000020d57b6b018: 0000 0148 | bbe0 2119 | 2000 0000 | 0041 8b79 | 0841 ba00 | 0000 1f49 | 03fa 483b | 5f38 0f85 
  0x0000020d57b6b038: e617 0000 | e900 0000 | 0049 8bd1 

  0x0000020d57b6b044: ; implicit exception: dispatches to 0x0000020d57b6c82b
  0x0000020d57b6b044: 483b 0248 

  0x0000020d57b6b048: ;   {metadata(method data for {method} {0x0000020d75e0a460} 'dispatchEventImpl' '(Ljava/awt/AWTEvent;Ljava/lang/Object;)V' in 'java/awt/EventQueue')}
  0x0000020d57b6b048: 8bf2 48bf | 78d0 db76 | 0d02 0000 | 8b76 0841 | ba00 0000 | 1f49 03f2 | 483b b758 | 0200 0075 
  0x0000020d57b6b068: 0d48 8387 | 6002 0000 | 01e9 6000 | 0000 483b | b768 0200 | 0075 0d48 | 8387 7002 | 0000 01e9 
  0x0000020d57b6b088: 4a00 0000 | 4883 bf58 | 0200 0000 | 7517 4889 | b758 0200 | 0048 c787 | 6002 0000 | 0100 0000 
  0x0000020d57b6b0a8: e929 0000 | 0048 83bf | 6802 0000 | 0075 1748 | 89b7 6802 | 0000 48c7 | 8770 0200 | 0001 0000 
  0x0000020d57b6b0c8: 00e9 0800 | 0000 4883 | 8750 0200 

  0x0000020d57b6b0d4: ;   {metadata(method data for {method} {0x0000020d75da7390} 'dispatchEvent' '(Ljava/awt/AWTEvent;)V' in 'java/awt/Component')}
  0x0000020d57b6b0d4: 0001 48be | e8d6 db76 | 0d02 0000 | 8bbe 9000 | 0000 83c7 | 0289 be90 | 0000 0081 | e7fe ff1f 
  0x0000020d57b6b0f4: 0085 ff0f | 8433 1700 | 0048 8bf2 

  0x0000020d57b6b100: ;   {metadata(method data for {method} {0x0000020d75da7390} 'dispatchEvent' '(Ljava/awt/AWTEvent;)V' in 'java/awt/Component')}
  0x0000020d57b6b100: 48bf e8d6 | db76 0d02 | 0000 8b76 | 0841 ba00 | 0000 1f49 | 03f2 483b | b7e0 0000 | 0075 0d48 
  0x0000020d57b6b120: 8387 e800 | 0000 01e9 | 6000 0000 | 483b b7f0 | 0000 0075 | 0d48 8387 | f800 0000 | 01e9 4a00 
  0x0000020d57b6b140: 0000 4883 | bfe0 0000 | 0000 7517 | 4889 b7e0 | 0000 0048 | c787 e800 | 0000 0100 | 0000 e929 
  0x0000020d57b6b160: 0000 0048 | 83bf f000 | 0000 0075 | 1748 89b7 | f000 0000 | 48c7 87f8 | 0000 0001 | 0000 00e9 
  0x0000020d57b6b180: 0800 0000 | 4883 87d8 | 0000 0001 | 498b f04c | 8bc6 6666 | 9048 b8e0 | 2ae2 0f0d 

  0x0000020d57b6b19c: ;   {virtual_call}
  0x0000020d57b6b19c: 0200 00e8 

  0x0000020d57b6b1a0: ; ImmutableOopMap {[168]=Oop }
                      ;*invokevirtual dispatchEventImpl {reexecute=0 rethrow=0 return_oop=0}
                      ; - java.awt.Component::dispatchEvent@2 (line 4790)
                      ; - java.awt.EventQueue::dispatchEventImpl@41 (line 725)
  0x0000020d57b6b1a0: 3c4c 7507 

  0x0000020d57b6b1a4: ;   {post_call_nop}
  0x0000020d57b6b1a4: 0f1f 8400 | 9c05 0000 | 4c8b 8424 | a800 0000 

  0x0000020d57b6b1b4: ;   {metadata(method data for {method} {0x0000020d75e0a460} 'dispatchEventImpl' '(Ljava/awt/AWTEvent;Ljava/lang/Object;)V' in 'java/awt/EventQueue')}
  0x0000020d57b6b1b4: 48be 78d0 | db76 0d02 | 0000 458b | 4008 41ba | 0000 001f | 4d03 c24c | 3b86 8802 | 0000 750d 
  0x0000020d57b6b1d4: 4883 8690 | 0200 0001 | e960 0000 | 004c 3b86 | 9802 0000 | 750d 4883 | 86a0 0200 | 0001 e94a 
  0x0000020d57b6b1f4: 0000 0048 | 83be 8802 | 0000 0075 | 174c 8986 | 8802 0000 | 48c7 8690 | 0200 0001 | 0000 00e9 
  0x0000020d57b6b214: 2900 0000 | 4883 be98 | 0200 0000 | 7517 4c89 | 8698 0200 | 0048 c786 | a002 0000 | 0100 0000 
  0x0000020d57b6b234: e908 0000 | 0048 8386 | 8002 0000 

  0x0000020d57b6b240: ;   {metadata(method data for {method} {0x0000020d75dded60} 'dispatched' '()V' in 'java/awt/AWTEvent')}
  0x0000020d57b6b240: 0148 be38 | d8db 760d | 0200 008b | be90 0000 | 0083 c702 | 89be 9000 | 0000 81e7 | feff 1f00 
  0x0000020d57b6b260: 85ff 0f84 | e915 0000 | 4c8b 8424 | a800 0000 

  0x0000020d57b6b270: ;   {metadata(method data for {method} {0x0000020d75dded60} 'dispatched' '()V' in 'java/awt/AWTEvent')}
  0x0000020d57b6b270: 4d85 c048 | bb38 d8db | 760d 0200 | 0075 0c80 | 8bd1 0000 | 0001 e9a9 | 0000 0041 | 8b40 0841 
  0x0000020d57b6b290: ba00 0000 | 1f49 03c2 | 483b 83e0 | 0000 0075 | 0d48 8383 | e800 0000 | 01e9 6000 | 0000 483b 
  0x0000020d57b6b2b0: 83f0 0000 | 0075 0d48 | 8383 f800 | 0000 01e9 | 4a00 0000 | 4883 bbe0 | 0000 0000 | 7517 4889 
  0x0000020d57b6b2d0: 83e0 0000 | 0048 c783 | e800 0000 | 0100 0000 | e929 0000 | 0048 83bb | f000 0000 | 0075 1748 
  0x0000020d57b6b2f0: 8983 f000 | 0000 48c7 | 83f8 0000 | 0001 0000 | 00e9 0800 | 0000 4883 | 83d8 0000 

  0x0000020d57b6b30c: ;   {metadata('java/awt/event/InputEvent')}
  0x0000020d57b6b30c: 0001 48b8 | 208a 1920 | 0000 0000 | 418b 5808 | 41ba 0000 | 001f 4903 | da48 3b43 | 500f 8505 
  0x0000020d57b6b32c: 0000 00e9 | 0500 0000 | 4833 f6eb | 05be 0100 | 0000 85f6 

  0x0000020d57b6b340: ;   {metadata(method data for {method} {0x0000020d75dded60} 'dispatched' '()V' in 'java/awt/AWTEvent')}
  0x0000020d57b6b340: 48be 38d8 | db76 0d02 | 0000 bf08 | 0100 0074 | 05bf 1801 | 0000 488b | 1c3e 488d | 5b01 4889 
  0x0000020d57b6b360: 1c3e 0f84 | 7114 0000 

  0x0000020d57b6b368: ;   {metadata(method data for {method} {0x0000020d75dded60} 'dispatched' '()V' in 'java/awt/AWTEvent')}
  0x0000020d57b6b368: 48be 38d8 | db76 0d02 | 0000 4883 | 8628 0100 

  0x0000020d57b6b378: ;   {metadata(method data for {method} {0x0000020d75dcbc10} 'getInputEventAccessor' '()Lsun/awt/AWTAccessor$InputEventAccessor;' in 'sun/awt/AWTAccessor')}
  0x0000020d57b6b378: 0001 48be | 10da db76 | 0d02 0000 | 8bbe 9000 | 0000 83c7 | 0289 be90 | 0000 0081 | e7fe ff1f 
  0x0000020d57b6b398: 0085 ff0f | 84d1 1400 

  0x0000020d57b6b3a0: ;   {oop(a 'java/lang/Class'{0x0000000601087dd8} = 'sun/awt/AWTAccessor')}
  0x0000020d57b6b3a0: 0048 bed8 | 7d08 0106 | 0000 008b | b68c 0000 | 0048 c1e6 | 0348 85f6 

  0x0000020d57b6b3b8: ;   {metadata(method data for {method} {0x0000020d75dcbc10} 'getInputEventAccessor' '()Lsun/awt/AWTAccessor$InputEventAccessor;' in 'sun/awt/AWTAccessor')}
  0x0000020d57b6b3b8: 48bf 10da | db76 0d02 | 0000 bbd8 | 0000 0075 | 05bb e800 | 0000 488b | 041f 488d | 4001 4889 
  0x0000020d57b6b3d8: 041f 0f85 | a812 0000 

  0x0000020d57b6b3e0: ;   {metadata(method data for {method} {0x0000020d75dcbc10} 'getInputEventAccessor' '()Lsun/awt/AWTAccessor$InputEventAccessor;' in 'sun/awt/AWTAccessor')}
  0x0000020d57b6b3e0: 48be 10da | db76 0d02 | 0000 4883 | 86f8 0000 

  0x0000020d57b6b3f0: ;   {metadata(method data for {method} {0x0000020d75dce3d0} 'ensureClassInitialized' '(Ljava/lang/Class;)V' in 'sun/awt/AWTAccessor')}
  0x0000020d57b6b3f0: 0001 48be | 481c 3876 | 0d02 0000 | 8bbe 9000 | 0000 83c7 | 0289 be90 | 0000 0081 | e7fe ff1f 
  0x0000020d57b6b410: 0085 ff0f | 847a 1400 

  0x0000020d57b6b418: ;   {metadata(method data for {method} {0x0000020d75dce3d0} 'ensureClassInitialized' '(Ljava/lang/Class;)V' in 'sun/awt/AWTAccessor')}
  0x0000020d57b6b418: 0048 be48 | 1c38 760d | 0200 0048 | 8386 d800 

  0x0000020d57b6b428: ;   {metadata(method data for {method} {0x000000001f477b80} 'lookup' '()Ljava/lang/invoke/MethodHandles$Lookup;' in 'java/lang/invoke/MethodHandles')}
  0x0000020d57b6b428: 0000 0148 | bea8 3f1b | 750d 0200 | 008b be90 | 0000 0083 | c702 89be | 9000 0000 | 81e7 feff 
  0x0000020d57b6b448: 1f00 85ff | 0f84 6214 

  0x0000020d57b6b450: ;   {metadata(method data for {method} {0x000000001f477b80} 'lookup' '()Ljava/lang/invoke/MethodHandles$Lookup;' in 'java/lang/invoke/MethodHandles')}
  0x0000020d57b6b450: 0000 48be | a83f 1b75 | 0d02 0000 | 4883 86d8 | 0000 0001 

  0x0000020d57b6b464: ;   {static_call}
  0x0000020d57b6b464: 6666 90e8 

  0x0000020d57b6b468: ; ImmutableOopMap {[168]=Oop }
                      ;*invokestatic getCallerClass {reexecute=0 rethrow=0 return_oop=0}
                      ; - java.lang.invoke.MethodHandles::lookup@0 (line 125)
                      ; - sun.awt.AWTAccessor::ensureClassInitialized@0 (line 1464)
                      ; - sun.awt.AWTAccessor::getInputEventAccessor@10 (line 963)
                      ; - java.awt.AWTEvent::dispatched@7 (line 571)
                      ; - java.awt.EventQueue::dispatchEventImpl@45 (line 726)
  0x0000020d57b6b468: 743f 4a07 

  0x0000020d57b6b46c: ;   {post_call_nop}
  0x0000020d57b6b46c: 0f1f 8400 | 6408 0001 | 4c8b c04d 

  0x0000020d57b6b478: ;   {metadata(method data for {method} {0x000000001f477b80} 'lookup' '()Ljava/lang/invoke/MethodHandles$Lookup;' in 'java/lang/invoke/MethodHandles')}
  0x0000020d57b6b478: 85c0 48ba | a83f 1b75 | 0d02 0000 | bef8 0000 | 0074 05be | e800 0000 | 488b 3c32 | 488d 7f01 
  0x0000020d57b6b498: 4889 3c32 | 0f84 0d11 

  0x0000020d57b6b4a0: ;   {metadata('java/lang/invoke/MethodHandles$Lookup')}
  0x0000020d57b6b4a0: 0000 48ba | 40b0 201f | 0000 0000 | 498b 87c8 | 0100 0048 | 8d78 2049 | 3bbf d801 | 0000 0f87 
  0x0000020d57b6b4c0: 1114 0000 | 4989 bfc8 | 0100 0048 | c700 0100 | 0000 488b | ca41 ba00 | 0000 1f49 | 2bca 8948 
  0x0000020d57b6b4e0: 0848 33c9 | 8948 0c48 | 33c9 4889 | 4810 4889 | 4818 4c8b 

  0x0000020d57b6b4f4: ;   {metadata(method data for {method} {0x000000001f477b80} 'lookup' '()Ljava/lang/invoke/MethodHandles$Lookup;' in 'java/lang/invoke/MethodHandles')}
  0x0000020d57b6b4f4: c848 bfa8 | 3f1b 750d | 0200 0048 | 8387 1801 

  0x0000020d57b6b504: ;   {metadata(method data for {method} {0x000000001f47be30} '<init>' '(Ljava/lang/Class;)V' in 'java/lang/invoke/MethodHandles$Lookup')}
  0x0000020d57b6b504: 0000 0149 | b908 411b | 750d 0200 | 0041 8bb9 | 9000 0000 | 83c7 0241 | 89b9 9000 | 0000 81e7 
  0x0000020d57b6b524: feff 1f00 | 85ff 0f84 | b213 0000 

  0x0000020d57b6b530: ;   {metadata(method data for {method} {0x000000001f47be30} '<init>' '(Ljava/lang/Class;)V' in 'java/lang/invoke/MethodHandles$Lookup')}
  0x0000020d57b6b530: 4c8b c848 | bf08 411b | 750d 0200 | 0048 8387 | d800 0000 

  0x0000020d57b6b544: ;   {oop(nullptr)}
  0x0000020d57b6b544: 0149 b900 | 0000 0000 | 0000 00bf | 5f00 0000 | 488b d048 | 8984 24b0 

  0x0000020d57b6b55c: ;   {optimized virtual_call}
  0x0000020d57b6b55c: 0000 00e8 

  0x0000020d57b6b560: ; ImmutableOopMap {[168]=Oop [176]=Oop }
                      ;*invokespecial <init> {reexecute=0 rethrow=0 return_oop=0}
                      ; - java.lang.invoke.MethodHandles$Lookup::<init>@5 (line 1533)
                      ; - java.lang.invoke.MethodHandles::lookup@23 (line 129)
                      ; - sun.awt.AWTAccessor::ensureClassInitialized@0 (line 1464)
                      ; - sun.awt.AWTAccessor::getInputEventAccessor@10 (line 963)
                      ; - java.awt.AWTEvent::dispatched@7 (line 571)
                      ; - java.awt.EventQueue::dispatchEventImpl@45 (line 726)
  0x0000020d57b6b560: 7c38 4a07 

  0x0000020d57b6b564: ;   {post_call_nop}
  0x0000020d57b6b564: 0f1f 8400 | 5c09 0002 | 488b 8424 | b000 0000 

  0x0000020d57b6b574: ;   {metadata(method data for {method} {0x0000020d75dce3d0} 'ensureClassInitialized' '(Ljava/lang/Class;)V' in 'sun/awt/AWTAccessor')}
  0x0000020d57b6b574: 4c8b c048 | ba48 1c38 | 760d 0200 | 0045 8b40 | 0841 ba00 | 0000 1f4d | 03c2 4c3b | 82f0 0000 
  0x0000020d57b6b594: 0075 0d48 | 8382 f800 | 0000 01e9 | 6000 0000 | 4c3b 8200 | 0100 0075 | 0d48 8382 | 0801 0000 
  0x0000020d57b6b5b4: 01e9 4a00 | 0000 4883 | baf0 0000 | 0000 7517 | 4c89 82f0 | 0000 0048 | c782 f800 | 0000 0100 
  0x0000020d57b6b5d4: 0000 e929 | 0000 0048 | 83ba 0001 | 0000 0075 | 174c 8982 | 0001 0000 | 48c7 8208 | 0100 0001 
  0x0000020d57b6b5f4: 0000 00e9 | 0800 0000 | 4883 82e8 | 0000 0001 

  0x0000020d57b6b604: ;   {oop(a 'java/lang/Class'{0x00000006019340e0} = 'java/awt/event/InputEvent')}
  0x0000020d57b6b604: 49b8 e040 | 9301 0600 | 0000 488b | d066 0f1f 

  0x0000020d57b6b614: ;   {optimized virtual_call}
  0x0000020d57b6b614: 4400 00e8 

  0x0000020d57b6b618: ; ImmutableOopMap {[168]=Oop }
                      ;*invokevirtual ensureInitialized {reexecute=0 rethrow=0 return_oop=0}
                      ; - sun.awt.AWTAccessor::ensureClassInitialized@4 (line 1464)
                      ; - sun.awt.AWTAccessor::getInputEventAccessor@10 (line 963)
                      ; - java.awt.AWTEvent::dispatched@7 (line 571)
                      ; - java.awt.EventQueue::dispatchEventImpl@45 (line 726)
  0x0000020d57b6b618: c437 4a07 

  0x0000020d57b6b61c: ;   {post_call_nop}
  0x0000020d57b6b61c: 0f1f 8400 | 140a 0003 

  0x0000020d57b6b624: ;   {metadata(method data for {method} {0x0000020d75dce3d0} 'ensureClassInitialized' '(Ljava/lang/Class;)V' in 'sun/awt/AWTAccessor')}
  0x0000020d57b6b624: 48ba 481c | 3876 0d02 | 0000 ff82 | 1801 0000 | e93b 1000 | 004d 85c9 

  0x0000020d57b6b63c: ;   {metadata(method data for {method} {0x0000020d75e0a460} 'dispatchEventImpl' '(Ljava/awt/AWTEvent;Ljava/lang/Object;)V' in 'java/awt/EventQueue')}
  0x0000020d57b6b63c: 48bb 78d0 | db76 0d02 | 0000 750c | 808b c102 | 0000 01e9 | a800 0000 | 418b 4108 | 41ba 0000 
  0x0000020d57b6b65c: 001f 4903 | c248 3b83 | d002 0000 | 750d 4883 | 83d8 0200 | 0001 e960 | 0000 0048 | 3b83 e002 
  0x0000020d57b6b67c: 0000 750d | 4883 83e8 | 0200 0001 | e94a 0000 | 0048 83bb | d002 0000 | 0075 1748 | 8983 d002 
  0x0000020d57b6b69c: 0000 48c7 | 83d8 0200 | 0001 0000 | 00e9 2900 | 0000 4883 | bbe0 0200 | 0000 7517 | 4889 83e0 
  0x0000020d57b6b6bc: 0200 0048 | c783 e802 | 0000 0100 | 0000 e908 | 0000 0048 | 8383 c802 

  0x0000020d57b6b6d4: ;   {metadata('java/awt/MenuComponent')}
  0x0000020d57b6b6d4: 0000 0148 | b8f8 6f29 | 2000 0000 | 0041 8b79 | 0841 ba00 | 0000 1f49 | 03fa 483b | c70f 8505 
  0x0000020d57b6b6f4: 0000 00e9 | 0500 0000 | 4833 f6eb | 05be 0100 | 0000 85f6 

  0x0000020d57b6b708: ;   {metadata(method data for {method} {0x0000020d75e0a460} 'dispatchEventImpl' '(Ljava/awt/AWTEvent;Ljava/lang/Object;)V' in 'java/awt/EventQueue')}
  0x0000020d57b6b708: 48be 78d0 | db76 0d02 | 0000 bf08 | 0300 0075 | 05bf f802 | 0000 488b | 1c3e 488d | 5b01 4889 
  0x0000020d57b6b728: 1c3e 0f85 | 000b 0000 

  0x0000020d57b6b730: ;   {metadata(method data for {method} {0x0000020d75e0a460} 'dispatchEventImpl' '(Ljava/awt/AWTEvent;Ljava/lang/Object;)V' in 'java/awt/EventQueue')}
  0x0000020d57b6b730: 4d85 c948 | bb78 d0db | 760d 0200 | 0075 0c80 | 8b89 0300 | 0001 e9d1 | 0000 0041 | 8b41 0841 
  0x0000020d57b6b750: ba00 0000 | 1f49 03c2 | 483b 8398 | 0300 0075 | 0d48 8383 | a003 0000 | 01e9 6000 | 0000 483b 
  0x0000020d57b6b770: 83a8 0300 | 0075 0d48 | 8383 b003 | 0000 01e9 | 4a00 0000 | 4883 bb98 | 0300 0000 | 7517 4889 
  0x0000020d57b6b790: 8398 0300 | 0048 c783 | a003 0000 | 0100 0000 | e929 0000 | 0048 83bb | a803 0000 | 0075 1748 
  0x0000020d57b6b7b0: 8983 a803 | 0000 48c7 | 83b0 0300 | 0001 0000 | 00e9 0800 | 0000 4883 | 8390 0300 | 0001 6690 
  0x0000020d57b6b7d0: ;   {other}
  0x0000020d57b6b7d0: e93d 1100 | 0000 0000 | 0000 418b | 5908 41ba | 0000 001f | 4903 da48 | 3bd8 0f84 | 3100 0000 
  0x0000020d57b6b7f0: 8b78 1448 | 3b04 3b0f | 8424 0000 | 0083 ff20 | 0f85 1600 | 0000 5350 

  0x0000020d57b6b808: ;   {runtime_call C1 Runtime slow_subtype_check_blob}
  0x0000020d57b6b808: e8d3 0057 | 075b 5885 | c00f 8405 | 0000 00e9 | 0500 0000 | 4833 f6eb | 05be 0100 | 0000 85f6 
  0x0000020d57b6b828: ;   {metadata(method data for {method} {0x0000020d75e0a460} 'dispatchEventImpl' '(Ljava/awt/AWTEvent;Ljava/lang/Object;)V' in 'java/awt/EventQueue')}
  0x0000020d57b6b828: 48be 78d0 | db76 0d02 | 0000 bfd0 | 0300 0075 | 05bf c003 | 0000 488b | 1c3e 488d | 5b01 4889 
  0x0000020d57b6b848: 1c3e 0f85 | aa08 0000 

  0x0000020d57b6b850: ;   {metadata(method data for {method} {0x0000020d75e0a460} 'dispatchEventImpl' '(Ljava/awt/AWTEvent;Ljava/lang/Object;)V' in 'java/awt/EventQueue')}
  0x0000020d57b6b850: 4d85 c948 | bb78 d0db | 760d 0200 | 0075 0c80 | 8b51 0400 | 0001 e9a8 | 0000 0041 | 8b41 0841 
  0x0000020d57b6b870: ba00 0000 | 1f49 03c2 | 483b 8360 | 0400 0075 | 0d48 8383 | 6804 0000 | 01e9 6000 | 0000 483b 
  0x0000020d57b6b890: 8370 0400 | 0075 0d48 | 8383 7804 | 0000 01e9 | 4a00 0000 | 4883 bb60 | 0400 0000 | 7517 4889 
  0x0000020d57b6b8b0: 8360 0400 | 0048 c783 | 6804 0000 | 0100 0000 | e929 0000 | 0048 83bb | 7004 0000 | 0075 1748 
  0x0000020d57b6b8d0: 8983 7004 | 0000 48c7 | 8378 0400 | 0001 0000 | 00e9 0800 | 0000 4883 | 8358 0400 

  0x0000020d57b6b8ec: ;   {metadata('sun/awt/AWTAutoShutdown')}
  0x0000020d57b6b8ec: 0001 48b8 | 9856 1b20 | 0000 0000 | 418b 7908 | 41ba 0000 | 001f 4903 | fa48 3bc7 | 0f85 0500 
  0x0000020d57b6b90c: 0000 e905 | 0000 0048 | 33f6 eb05 | be01 0000 

  0x0000020d57b6b91c: ;   {metadata(method data for {method} {0x0000020d75e0a460} 'dispatchEventImpl' '(Ljava/awt/AWTEvent;Ljava/lang/Object;)V' in 'java/awt/EventQueue')}
  0x0000020d57b6b91c: 0085 f648 | be78 d0db | 760d 0200 | 00bf 8804 | 0000 7405 | bf98 0400 | 0048 8b1c | 3e48 8d5b 
  0x0000020d57b6b93c: 0148 891c | 3e0f 8444 | 0100 0048 

  0x0000020d57b6b948: ;   {metadata(method data for {method} {0x0000020d75e0a460} 'dispatchEventImpl' '(Ljava/awt/AWTEvent;Ljava/lang/Object;)V' in 'java/awt/EventQueue')}
  0x0000020d57b6b948: 8bf2 48bf | 78d0 db76 | 0d02 0000 | 4883 87a8 | 0400 0001 

  0x0000020d57b6b95c: ;   {metadata(method data for {method} {0x0000020d75e09bd8} 'noEvents' '()Z' in 'java/awt/EventQueue')}
  0x0000020d57b6b95c: 48be 58dc | db76 0d02 | 0000 8bbe | 9000 0000 | 83c7 0289 | be90 0000 | 0081 e7fe | ff1f 0085 
  0x0000020d57b6b97c: ff0f 8499 | 0f00 00be | 0000 0000 | e990 0000 | 0066 6690 | 8b7a 2048 | c1e7 033b | 770c 0f83 
  0x0000020d57b6b99c: a70f 0000 | 4863 de8b | 7c9f 1048 | c1e7 038b | 7f0c 48c1 | e703 4885 

  0x0000020d57b6b9b4: ;   {metadata(method data for {method} {0x0000020d75e09bd8} 'noEvents' '()Z' in 'java/awt/EventQueue')}
  0x0000020d57b6b9b4: ff48 bf58 | dcdb 760d | 0200 00bb | 0801 0000 | 7505 bbf8 | 0000 0048 | 8b04 1f48 | 8d40 0148 
  0x0000020d57b6b9d4: 8904 1f0f | 8570 0000 

  0x0000020d57b6b9dc: ;   {metadata(method data for {method} {0x0000020d75e09bd8} 'noEvents' '()Z' in 'java/awt/EventQueue')}
  0x0000020d57b6b9dc: 00ff c648 | bf58 dcdb | 760d 0200 | 008b 9f94 | 0000 0083 | c302 899f | 9400 0000 | 81e3 fe3f 
  0x0000020d57b6b9fc: 0000 85db | 0f84 540f | 0000 4d8b 

  0x0000020d57b6ba08: ; ImmutableOopMap {rdx=Oop }
                      ;*goto {reexecute=1 rethrow=0 return_oop=0}
                      ; - (reexecute) java.awt.EventQueue::noEvents@24 (line 520)
                      ; - java.awt.EventQueue::dispatchEventImpl@95 (line 732)
                      ;   {poll}
  0x0000020d57b6ba08: 5730 4185 

  0x0000020d57b6ba0c: ;   {metadata(method data for {method} {0x0000020d75e09bd8} 'noEvents' '()Z' in 'java/awt/EventQueue')}
  0x0000020d57b6ba0c: 0248 bf58 | dcdb 760d | 0200 00ff | 8718 0100 | 0083 fe04 

  0x0000020d57b6ba20: ;   {metadata(method data for {method} {0x0000020d75e09bd8} 'noEvents' '()Z' in 'java/awt/EventQueue')}
  0x0000020d57b6ba20: 48bf 58dc | db76 0d02 | 0000 bbd8 | 0000 007d | 05bb e800 | 0000 488b | 041f 488d | 4001 4889 
  0x0000020d57b6ba40: 041f 0f8d | 0f00 0000 | e943 ffff | ffbe 0000 | 0000 e905 | 0000 00be | 0100 0000 

  0x0000020d57b6ba5c: ;   {metadata(method data for {method} {0x0000020d75e0a460} 'dispatchEventImpl' '(Ljava/awt/AWTEvent;Ljava/lang/Object;)V' in 'java/awt/EventQueue')}
  0x0000020d57b6ba5c: 85f6 48be | 78d0 db76 | 0d02 0000 | bfd8 0400 | 0074 05bf | e804 0000 | 488b 1c3e | 488d 5b01 
  0x0000020d57b6ba7c: 4889 1c3e | 0f84 630d | 0000 e9e4 

  0x0000020d57b6ba88: ;   {metadata(method data for {method} {0x0000020d75e0a460} 'dispatchEventImpl' '(Ljava/awt/AWTEvent;Ljava/lang/Object;)V' in 'java/awt/EventQueue')}
  0x0000020d57b6ba88: 0500 0048 | ba78 d0db | 760d 0200 | 0048 8382 | 4005 0000 

  0x0000020d57b6ba9c: ;   {metadata(method data for {method} {0x0000020d75e08b00} 'getEventLog' '()Lsun/util/logging/PlatformLogger;' in 'java/awt/EventQueue')}
  0x0000020d57b6ba9c: 0148 bac8 | dedb 760d | 0200 008b | b290 0000 | 0083 c602 | 89b2 9000 | 0000 81e6 | feff 1f00 
  0x0000020d57b6babc: 85f6 0f84 | b70e 0000 

  0x0000020d57b6bac4: ;   {oop(a 'java/lang/Class'{0x0000000601000400} = 'java/awt/EventQueue')}
  0x0000020d57b6bac4: 48ba 0004 | 0001 0600 | 0000 8b92 | 8000 0000 | 48c1 e203 

  0x0000020d57b6bad8: ;   {metadata(method data for {method} {0x0000020d75e08b00} 'getEventLog' '()Lsun/util/logging/PlatformLogger;' in 'java/awt/EventQueue')}
  0x0000020d57b6bad8: 4885 d248 | bac8 dedb | 760d 0200 | 00be d800 | 0000 7505 | bee8 0000 | 0048 8b3c | 3248 8d7f 
  0x0000020d57b6baf8: 0148 893c | 320f 8568 

  0x0000020d57b6bb00: ;   {metadata(method data for {method} {0x0000020d75e08b00} 'getEventLog' '()Lsun/util/logging/PlatformLogger;' in 'java/awt/EventQueue')}
  0x0000020d57b6bb00: 0000 0048 | bac8 dedb | 760d 0200 | 0048 8382 | f800 0000 

  0x0000020d57b6bb14: ;   {oop("java.awt.event.EventQueue"{0x0000000601ca1530})}
  0x0000020d57b6bb14: 0148 ba30 | 15ca 0106 

  0x0000020d57b6bb1c: ;   {static_call}
  0x0000020d57b6bb1c: 0000 00e8 

  0x0000020d57b6bb20: ; ImmutableOopMap {[168]=Oop }
                      ;*invokestatic getLogger {reexecute=0 rethrow=0 return_oop=0}
                      ; - java.awt.EventQueue::getEventLog@8 (line 181)
                      ; - java.awt.EventQueue::dispatchEventImpl@111 (line 736)
  0x0000020d57b6bb20: bc38 4a07 

  0x0000020d57b6bb24: ;   {post_call_nop}
  0x0000020d57b6bb24: 0f1f 8400 | 1c0f 0005 

  0x0000020d57b6bb2c: ;   {oop(a 'java/lang/Class'{0x0000000601000400} = 'java/awt/EventQueue')}
  0x0000020d57b6bb2c: 49b8 0004 | 0001 0600 | 0000 410f | be57 4885 | d20f 8559 | 0e00 004c | 8bd0 49c1 | ea03 4589 
  0x0000020d57b6bb4c: 9080 0000 | 00f0 8344 | 24c0 0049 | 8bd0 4833 | d048 c1ea | 1648 83fa | 000f 8554 

  0x0000020d57b6bb68: ;   {oop(a 'java/lang/Class'{0x0000000601000400} = 'java/awt/EventQueue')}
  0x0000020d57b6bb68: 0e00 0049 | b800 0400 | 0106 0000 | 0045 8b80 | 8000 0000 | 49c1 e003 

  0x0000020d57b6bb80: ; implicit exception: dispatches to 0x0000020d57b6c9d7
  0x0000020d57b6bb80: 493b 0049 

  0x0000020d57b6bb84: ;   {metadata(method data for {method} {0x0000020d75e0a460} 'dispatchEventImpl' '(Ljava/awt/AWTEvent;Ljava/lang/Object;)V' in 'java/awt/EventQueue')}
  0x0000020d57b6bb84: 8bd0 48be | 78d0 db76 | 0d02 0000 

  0x0000020d57b6bb90: ;   {metadata('sun/util/logging/PlatformLogger')}
  0x0000020d57b6bb90: 49ba 785b | 1920 0000 | 0000 4c89 | 9658 0500 | 0048 8386 | 6005 0000 

  0x0000020d57b6bba8: ;   {metadata(method data for {method} {0x0000020d75dbf628} 'isLoggable' '(Lsun/util/logging/PlatformLogger$Level;)Z' in 'sun/util/logging/PlatformLogger')}
  0x0000020d57b6bba8: 0148 bab0 | a72a 760d | 0200 008b | b290 0000 | 0083 c602 | 89b2 9000 | 0000 81e6 | feff 1f00 
  0x0000020d57b6bbc8: 85f6 0f84 | 0c0e 0000 

  0x0000020d57b6bbd0: ;   {metadata(method data for {method} {0x0000020d75dbf628} 'isLoggable' '(Lsun/util/logging/PlatformLogger$Level;)Z' in 'sun/util/logging/PlatformLogger')}
  0x0000020d57b6bbd0: 48ba b0a7 | 2a76 0d02 | 0000 ff82 | d800 0000 | 418b 500c | 48c1 e203 

  0x0000020d57b6bbe8: ; implicit exception: dispatches to 0x0000020d57b6c9fd
  0x0000020d57b6bbe8: 483b 024c 

  0x0000020d57b6bbec: ;   {metadata(method data for {method} {0x0000020d75dbf628} 'isLoggable' '(Lsun/util/logging/PlatformLogger$Level;)Z' in 'sun/util/logging/PlatformLogger')}
  0x0000020d57b6bbec: 8bc2 48be | b0a7 2a76 | 0d02 0000 | 458b 4008 | 41ba 0000 | 001f 4d03 | c24c 3b86 | 1001 0000 
  0x0000020d57b6bc0c: 750d 4883 | 8618 0100 | 0001 e960 | 0000 004c | 3b86 2001 | 0000 750d | 4883 8628 | 0100 0001 
  0x0000020d57b6bc2c: e94a 0000 | 0048 83be | 1001 0000 | 0075 174c | 8986 1001 | 0000 48c7 | 8618 0100 | 0001 0000 
  0x0000020d57b6bc4c: 00e9 2900 | 0000 4883 | be20 0100 | 0000 7517 | 4c89 8620 | 0100 0048 | c786 2801 | 0000 0100 
  0x0000020d57b6bc6c: 0000 e908 | 0000 0048 | 8386 0801 

  0x0000020d57b6bc78: ;   {oop(a 'sun/util/logging/PlatformLogger$Level'{0x0000000601934da8})}
  0x0000020d57b6bc78: 0000 0149 | b8a8 4d93 | 0106 0000 | 0048 b808 | 2be2 0f0d 

  0x0000020d57b6bc8c: ;   {virtual_call}
  0x0000020d57b6bc8c: 0200 00e8 

  0x0000020d57b6bc90: ; ImmutableOopMap {[168]=Oop }
                      ;*invokeinterface isLoggable {reexecute=0 rethrow=0 return_oop=0}
                      ; - sun.util.logging.PlatformLogger::isLoggable@17 (line 340)
                      ; - java.awt.EventQueue::dispatchEventImpl@117 (line 736)
  0x0000020d57b6bc90: 4c34 4a07 

  0x0000020d57b6bc94: ;   {post_call_nop}
  0x0000020d57b6bc94: 0f1f 8400 | 8c10 0006 | 83e0 0185 

  0x0000020d57b6bca0: ;   {metadata(method data for {method} {0x0000020d75e0a460} 'dispatchEventImpl' '(Ljava/awt/AWTEvent;Ljava/lang/Object;)V' in 'java/awt/EventQueue')}
  0x0000020d57b6bca0: c048 ba78 | d0db 760d | 0200 00be | 8005 0000 | 7405 be90 | 0500 0048 | 8b3c 3248 | 8d7f 0148 
  0x0000020d57b6bcc0: 893c 320f | 8420 0b00 

  0x0000020d57b6bcc8: ;   {metadata(method data for {method} {0x0000020d75e0a460} 'dispatchEventImpl' '(Ljava/awt/AWTEvent;Ljava/lang/Object;)V' in 'java/awt/EventQueue')}
  0x0000020d57b6bcc8: 0048 ba78 | d0db 760d | 0200 0048 | 8382 a005 

  0x0000020d57b6bcd8: ;   {metadata(method data for {method} {0x0000020d75e08b00} 'getEventLog' '()Lsun/util/logging/PlatformLogger;' in 'java/awt/EventQueue')}
  0x0000020d57b6bcd8: 0000 0148 | bac8 dedb | 760d 0200 | 008b b290 | 0000 0083 | c602 89b2 | 9000 0000 | 81e6 feff 
  0x0000020d57b6bcf8: 1f00 85f6 | 0f84 000d 

  0x0000020d57b6bd00: ;   {oop(a 'java/lang/Class'{0x0000000601000400} = 'java/awt/EventQueue')}
  0x0000020d57b6bd00: 0000 48ba | 0004 0001 | 0600 0000 | 8b92 8000 | 0000 48c1 | e203 4885 

  0x0000020d57b6bd18: ;   {metadata(method data for {method} {0x0000020d75e08b00} 'getEventLog' '()Lsun/util/logging/PlatformLogger;' in 'java/awt/EventQueue')}
  0x0000020d57b6bd18: d248 bac8 | dedb 760d | 0200 00be | d800 0000 | 7505 bee8 | 0000 0048 | 8b3c 3248 | 8d7f 0148 
  0x0000020d57b6bd38: 893c 320f | 856a 0000 

  0x0000020d57b6bd40: ;   {metadata(method data for {method} {0x0000020d75e08b00} 'getEventLog' '()Lsun/util/logging/PlatformLogger;' in 'java/awt/EventQueue')}
  0x0000020d57b6bd40: 0048 bac8 | dedb 760d | 0200 0048 | 8382 f800 

  0x0000020d57b6bd50: ;   {oop("java.awt.event.EventQueue"{0x0000000601ca1530})}
  0x0000020d57b6bd50: 0000 0148 | ba30 15ca | 0106 0000 

  0x0000020d57b6bd5c: ;   {static_call}
  0x0000020d57b6bd5c: 0066 90e8 

  0x0000020d57b6bd60: ; ImmutableOopMap {[168]=Oop }
                      ;*invokestatic getLogger {reexecute=0 rethrow=0 return_oop=0}
                      ; - java.awt.EventQueue::getEventLog@8 (line 181)
                      ; - java.awt.EventQueue::dispatchEventImpl@123 (line 737)
  0x0000020d57b6bd60: 7c36 4a07 

  0x0000020d57b6bd64: ;   {post_call_nop}
  0x0000020d57b6bd64: 0f1f 8400 | 5c11 0007 

  0x0000020d57b6bd6c: ;   {oop(a 'java/lang/Class'{0x0000000601000400} = 'java/awt/EventQueue')}
  0x0000020d57b6bd6c: 48ba 0004 | 0001 0600 | 0000 410f | be77 4885 | f60f 85a0 | 0c00 004c | 8bd0 49c1 | ea03 4489 
  0x0000020d57b6bd8c: 9280 0000 | 00f0 8344 | 24c0 0048 | 8bf2 4833 | f048 c1ee | 1648 83fe | 000f 859a 

  0x0000020d57b6bda8: ;   {oop(a 'java/lang/Class'{0x0000000601000400} = 'java/awt/EventQueue')}
  0x0000020d57b6bda8: 0c00 0048 | ba00 0400 | 0106 0000 | 008b b280 | 0000 0048 | c1e6 0348 | 89b4 24b8 | 0000 004c 
  0x0000020d57b6bdc8: 8b84 24a8 

  0x0000020d57b6bdcc: ;   {metadata(method data for {method} {0x0000020d75e0a460} 'dispatchEventImpl' '(Ljava/awt/AWTEvent;Ljava/lang/Object;)V' in 'java/awt/EventQueue')}
  0x0000020d57b6bdcc: 0000 0048 | ba78 d0db | 760d 0200 | 0048 8382 | b005 0000 

  0x0000020d57b6bde0: ;   {metadata(method data for {method} {0x000000001f4aede0} 'valueOf' '(Ljava/lang/Object;)Ljava/lang/String;' in 'java/lang/String')}
  0x0000020d57b6bde0: 0148 ba08 | c708 750d | 0200 008b | ba90 0000 | 0083 c702 | 89ba 9000 | 0000 81e7 | feff 1f00 
  0x0000020d57b6be00: 85ff 0f84 | 550c 0000 

  0x0000020d57b6be08: ;   {metadata(method data for {method} {0x000000001f4aede0} 'valueOf' '(Ljava/lang/Object;)Ljava/lang/String;' in 'java/lang/String')}
  0x0000020d57b6be08: 4d85 c048 | ba08 c708 | 750d 0200 | 00bf d800 | 0000 7505 | bfe8 0000 | 0048 8b1c | 3a48 8d5b 
  0x0000020d57b6be28: 0148 891c | 3a0f 851f 

  0x0000020d57b6be30: ;   {metadata(method data for {method} {0x000000001f4aede0} 'valueOf' '(Ljava/lang/Object;)Ljava/lang/String;' in 'java/lang/String')}
  0x0000020d57b6be30: 0000 0048 | ba08 c708 | 750d 0200 | 00ff 82f8 

  0x0000020d57b6be40: ;   {oop("null"{0x00000006010036a0})}
  0x0000020d57b6be40: 0000 0048 | bfa0 3600 | 0106 0000 | 00e9 a500 | 0000 498b 

  0x0000020d57b6be54: ;   {metadata(method data for {method} {0x000000001f4aede0} 'valueOf' '(Ljava/lang/Object;)Ljava/lang/String;' in 'java/lang/String')}
  0x0000020d57b6be54: d048 bf08 | c708 750d | 0200 008b | 5208 41ba | 0000 001f | 4903 d248 | 3b97 1801 | 0000 750d 
  0x0000020d57b6be74: 4883 8720 | 0100 0001 | e960 0000 | 0048 3b97 | 2801 0000 | 750d 4883 | 8730 0100 | 0001 e94a 
  0x0000020d57b6be94: 0000 0048 | 83bf 1801 | 0000 0075 | 1748 8997 | 1801 0000 | 48c7 8720 | 0100 0001 | 0000 00e9 
  0x0000020d57b6beb4: 2900 0000 | 4883 bf28 | 0100 0000 | 7517 4889 | 9728 0100 | 0048 c787 | 3001 0000 | 0100 0000 
  0x0000020d57b6bed4: e908 0000 | 0048 8387 | 1001 0000 | 0149 8bd0 

  0x0000020d57b6bee4: ;   {optimized virtual_call}
  0x0000020d57b6bee4: 6666 90e8 

  0x0000020d57b6bee8: ; ImmutableOopMap {[184]=Oop }
                      ;*invokevirtual toString {reexecute=0 rethrow=0 return_oop=0}
                      ; - java.lang.String::valueOf@11 (line 4530)
                      ; - java.awt.EventQueue::dispatchEventImpl@127 (line 737)
  0x0000020d57b6bee8: f42e 4a07 

  0x0000020d57b6beec: ;   {post_call_nop}
  0x0000020d57b6beec: 0f1f 8400 | e412 0008 | 488b f890 

  0x0000020d57b6bef8: ;   {other}
  0x0000020d57b6bef8: e990 0b00 | 0090 9090 | 9090 488b 

  0x0000020d57b6bf04: ;   {static_call}
  0x0000020d57b6bf04: d766 90e8 

  0x0000020d57b6bf08: ; ImmutableOopMap {[184]=Oop }
                      ;*invokedynamic {reexecute=0 rethrow=0 return_oop=0}
                      ; - java.awt.EventQueue::dispatchEventImpl@130 (line 737)
  0x0000020d57b6bf08: d434 4a07 

  0x0000020d57b6bf0c: ;   {post_call_nop}
  0x0000020d57b6bf0c: 0f1f 8400 | 0413 0009 

  0x0000020d57b6bf14: ;   {metadata(method data for {method} {0x0000020d75e0a460} 'dispatchEventImpl' '(Ljava/awt/AWTEvent;Ljava/lang/Object;)V' in 'java/awt/EventQueue')}
  0x0000020d57b6bf14: 49b8 78d0 | db76 0d02 | 0000 4d8d | 80e0 0500 | 0048 85c0 | 750b 41f6 | 0001 7505 | f049 8308 
  0x0000020d57b6bf34: 0148 8bb4 | 24b8 0000 | 0048 3b06 

  0x0000020d57b6bf40: ;   {metadata(method data for {method} {0x0000020d75e0a460} 'dispatchEventImpl' '(Ljava/awt/AWTEvent;Ljava/lang/Object;)V' in 'java/awt/EventQueue')}
  0x0000020d57b6bf40: 4c8b c649 | b978 d0db | 760d 0200 

  0x0000020d57b6bf4c: ;   {metadata('sun/util/logging/PlatformLogger')}
  0x0000020d57b6bf4c: 0049 ba78 | 5b19 2000 | 0000 004d | 8991 f805 | 0000 4983 | 8100 0600 

  0x0000020d57b6bf64: ;   {metadata(method data for {method} {0x0000020d75dc0280} 'fine' '(Ljava/lang/String;)V' in 'sun/util/logging/PlatformLogger')}
  0x0000020d57b6bf64: 0001 49b8 | 68e6 db76 | 0d02 0000 | 458b 8890 | 0000 0041 | 83c1 0245 | 8988 9000 | 0000 4181 
  0x0000020d57b6bf84: e1fe ff1f | 0045 85c9 | 0f84 0a0b | 0000 8b56 | 0c48 c1e2 | 0348 3b02 

  0x0000020d57b6bf9c: ;   {metadata(method data for {method} {0x0000020d75dc0280} 'fine' '(Ljava/lang/String;)V' in 'sun/util/logging/PlatformLogger')}
  0x0000020d57b6bf9c: 4c8b c249 | b968 e6db | 760d 0200 | 0045 8b40 | 0841 ba00 | 0000 1f4d | 03c2 4d3b | 8110 0100 
  0x0000020d57b6bfbc: 0075 0d49 | 8381 1801 | 0000 01e9 | 6000 0000 | 4d3b 8120 | 0100 0075 | 0d49 8381 | 2801 0000 
  0x0000020d57b6bfdc: 01e9 4a00 | 0000 4983 | b910 0100 | 0000 7517 | 4d89 8110 | 0100 0049 | c781 1801 | 0000 0100 
  0x0000020d57b6bffc: 0000 e929 | 0000 0049 | 83b9 2001 | 0000 0075 | 174d 8981 | 2001 0000 | 49c7 8128 | 0100 0001 
  0x0000020d57b6c01c: 0000 00e9 | 0800 0000 | 4983 8108 | 0100 0001 

  0x0000020d57b6c02c: ;   {oop(a 'sun/util/logging/PlatformLogger$Level'{0x0000000601934da8})}
  0x0000020d57b6c02c: 49b8 a84d | 9301 0600 | 0000 4c8b 

  0x0000020d57b6c038: ;   {oop(nullptr)}
  0x0000020d57b6c038: c848 bf00 | 0000 0000 | 0000 0066 | 9048 b830 | 2be2 0f0d 

  0x0000020d57b6c04c: ;   {virtual_call}
  0x0000020d57b6c04c: 0200 00e8 

  0x0000020d57b6c050: ; ImmutableOopMap {}
                      ;*invokeinterface log {reexecute=0 rethrow=0 return_oop=0}
                      ; - sun.util.logging.PlatformLogger::fine@12 (line 449)
                      ; - java.awt.EventQueue::dispatchEventImpl@135 (line 737)
  0x0000020d57b6c050: 8c30 4a07 

  0x0000020d57b6c054: ;   {post_call_nop}
  0x0000020d57b6c054: 0f1f 8400 | 4c14 000a | 4881 c4d0 | 0000 005d 

  0x0000020d57b6c064: ;   {poll_return}
  0x0000020d57b6c064: 493b 6728 | 0f87 540a | 0000 c344 | 8b42 3449 | c1e0 0349 | 3b00 498b 

  0x0000020d57b6c07c: ;   {metadata(method data for {method} {0x0000020d75e0a460} 'dispatchEventImpl' '(Ljava/awt/AWTEvent;Ljava/lang/Object;)V' in 'java/awt/EventQueue')}
  0x0000020d57b6c07c: d048 be78 | d0db 760d 

  0x0000020d57b6c084: ;   {metadata('java/awt/EventDispatchThread')}
  0x0000020d57b6c084: 0200 0049 | ba98 9027 | 2000 0000 | 004c 8996 | 0005 0000 | 4883 8608 | 0500 0001 

  0x0000020d57b6c0a0: ;   {metadata(method data for {method} {0x0000020d762e4ef8} 'stopDispatching' '()V' in 'java/awt/EventDispatchThread')}
  0x0000020d57b6c0a0: 48ba c8dd | db76 0d02 | 0000 8bb2 | 9000 0000 | 83c6 0289 | b290 0000 | 0081 e6fe | ff1f 0085 
  0x0000020d57b6c0c0: f60f 8416 | 0a00 00ba | 0000 0000 | 4188 5078 | f083 4424 

  0x0000020d57b6c0d4: ;   {metadata(method data for {method} {0x0000020d75e0a460} 'dispatchEventImpl' '(Ljava/awt/AWTEvent;Ljava/lang/Object;)V' in 'java/awt/EventQueue')}
  0x0000020d57b6c0d4: c000 49b8 | 78d0 db76 | 0d02 0000 | 41ff 8028 | 0500 0048 | 81c4 d000 

  0x0000020d57b6c0ec: ;   {poll_return}
  0x0000020d57b6c0ec: 0000 5d49 | 3b67 280f | 8705 0a00 | 00c3 4c8b | 8424 a800 | 0000 4d85 

  0x0000020d57b6c104: ;   {metadata(method data for {method} {0x0000020d75e0a460} 'dispatchEventImpl' '(Ljava/awt/AWTEvent;Ljava/lang/Object;)V' in 'java/awt/EventQueue')}
  0x0000020d57b6c104: c948 bf78 | d0db 760d | 0200 0075 | 0c80 8fd9 | 0300 0001 | e9cf 0000 | 0041 8b59 | 0841 ba00 
  0x0000020d57b6c124: 0000 1f49 | 03da 483b | 9fe8 0300 | 0075 0d48 | 8387 f003 | 0000 01e9 | 6000 0000 | 483b 9ff8 
  0x0000020d57b6c144: 0300 0075 | 0d48 8387 | 0004 0000 | 01e9 4a00 | 0000 4883 | bfe8 0300 | 0000 7517 | 4889 9fe8 
  0x0000020d57b6c164: 0300 0048 | c787 f003 | 0000 0100 | 0000 e929 | 0000 0048 | 83bf f803 | 0000 0075 | 1748 899f 
  0x0000020d57b6c184: f803 0000 | 48c7 8700 | 0400 0001 | 0000 00e9 | 0800 0000 | 4883 87e0 | 0300 0001 

  0x0000020d57b6c1a0: ;   {other}
  0x0000020d57b6c1a0: e97e 0900 | 0000 0000 | 0000 418b | 7908 41ba | 0000 001f | 4903 fa48 | 3bfb 0f84 | 2c00 0000 
  0x0000020d57b6c1c0: 8b73 1448 | 3b1c 370f | 841f 0000 | 0083 fe20 | 0f85 5709 | 0000 5753 

  0x0000020d57b6c1d8: ;   {runtime_call C1 Runtime slow_subtype_check_blob}
  0x0000020d57b6c1d8: e803 f756 | 075f 5b85 | db0f 8446 | 0900 00e9 | 0000 0000 | 498b d166 | 0f1f 4400 | 0048 b858 
  0x0000020d57b6c1f8: 2be2 0f0d 

  0x0000020d57b6c1fc: ;   {virtual_call}
  0x0000020d57b6c1fc: 0200 00e8 

  0x0000020d57b6c200: ; ImmutableOopMap {}
                      ;*invokevirtual dispatchEvent {reexecute=0 rethrow=0 return_oop=0}
                      ; - java.awt.EventQueue::dispatchEventImpl@81 (line 730)
  0x0000020d57b6c200: dc2e 4a07 

  0x0000020d57b6c204: ;   {post_call_nop}
  0x0000020d57b6c204: 0f1f 8400 | fc15 000b 

  0x0000020d57b6c20c: ;   {metadata(method data for {method} {0x0000020d75e0a460} 'dispatchEventImpl' '(Ljava/awt/AWTEvent;Ljava/lang/Object;)V' in 'java/awt/EventQueue')}
  0x0000020d57b6c20c: 49b8 78d0 | db76 0d02 | 0000 41ff | 8040 0400 | 0048 81c4 | d000 0000 

  0x0000020d57b6c224: ;   {poll_return}
  0x0000020d57b6c224: 5d49 3b67 | 280f 8707 | 0900 00c3 | 4c8b 8424 | a800 0000 

  0x0000020d57b6c238: ;   {metadata(method data for {method} {0x0000020d75e0a460} 'dispatchEventImpl' '(Ljava/awt/AWTEvent;Ljava/lang/Object;)V' in 'java/awt/EventQueue')}
  0x0000020d57b6c238: 4d85 c948 | bf78 d0db | 760d 0200 | 0075 0c80 | 8f11 0300 | 0001 e9a8 | 0000 0041 | 8b59 0841 
  0x0000020d57b6c258: ba00 0000 | 1f49 03da | 483b 9f20 | 0300 0075 | 0d48 8387 | 2803 0000 | 01e9 6000 | 0000 483b 
  0x0000020d57b6c278: 9f30 0300 | 0075 0d48 | 8387 3803 | 0000 01e9 | 4a00 0000 | 4883 bf20 | 0300 0000 | 7517 4889 
  0x0000020d57b6c298: 9f20 0300 | 0048 c787 | 2803 0000 | 0100 0000 | e929 0000 | 0048 83bf | 3003 0000 | 0075 1748 
  0x0000020d57b6c2b8: 899f 3003 | 0000 48c7 | 8738 0300 | 0001 0000 | 00e9 0800 | 0000 4883 | 8718 0300 

  0x0000020d57b6c2d4: ;   {metadata('java/awt/MenuComponent')}
  0x0000020d57b6c2d4: 0001 48bb | f86f 2920 | 0000 0000 | 418b 7108 | 41ba 0000 | 001f 4903 | f248 3bde | 0f85 5608 
  0x0000020d57b6c2f4: 0000 e900 | 0000 0049 | 8bd1 483b | 0248 8bf2 

  0x0000020d57b6c304: ;   {metadata(method data for {method} {0x0000020d75e0a460} 'dispatchEventImpl' '(Ljava/awt/AWTEvent;Ljava/lang/Object;)V' in 'java/awt/EventQueue')}
  0x0000020d57b6c304: 48bf 78d0 | db76 0d02 | 0000 8b76 | 0841 ba00 | 0000 1f49 | 03f2 483b | b750 0300 | 0075 0d48 
  0x0000020d57b6c324: 8387 5803 | 0000 01e9 | 6000 0000 | 483b b760 | 0300 0075 | 0d48 8387 | 6803 0000 | 01e9 4a00 
  0x0000020d57b6c344: 0000 4883 | bf50 0300 | 0000 7517 | 4889 b750 | 0300 0048 | c787 5803 | 0000 0100 | 0000 e929 
  0x0000020d57b6c364: 0000 0048 | 83bf 6003 | 0000 0075 | 1748 89b7 | 6003 0000 | 48c7 8768 | 0300 0001 | 0000 00e9 
  0x0000020d57b6c384: 0800 0000 | 4883 8748 | 0300 0001 | 0f1f 8000 

  0x0000020d57b6c394: ;   {optimized virtual_call}
  0x0000020d57b6c394: 0000 00e8 

  0x0000020d57b6c398: ; ImmutableOopMap {}
                      ;*invokevirtual dispatchEvent {reexecute=0 rethrow=0 return_oop=0}
                      ; - java.awt.EventQueue::dispatchEventImpl@63 (line 728)
  0x0000020d57b6c398: 442a 4a07 

  0x0000020d57b6c39c: ;   {post_call_nop}
  0x0000020d57b6c39c: 0f1f 8400 | 9417 000c 

  0x0000020d57b6c3a4: ;   {metadata(method data for {method} {0x0000020d75e0a460} 'dispatchEventImpl' '(Ljava/awt/AWTEvent;Ljava/lang/Object;)V' in 'java/awt/EventQueue')}
  0x0000020d57b6c3a4: 49b8 78d0 | db76 0d02 | 0000 41ff | 8078 0300 | 0048 81c4 | d000 0000 

  0x0000020d57b6c3bc: ;   {poll_return}
  0x0000020d57b6c3bc: 5d49 3b67 | 280f 8793 | 0700 00c3 

  0x0000020d57b6c3c8: ;   {metadata(method data for {method} {0x0000020d75e0a460} 'dispatchEventImpl' '(Ljava/awt/AWTEvent;Ljava/lang/Object;)V' in 'java/awt/EventQueue')}
  0x0000020d57b6c3c8: 488b f248 | bf78 d0db | 760d 0200 | 0048 8387 | 2801 0000 | 0149 8bf0 | 4c8b c60f 

  0x0000020d57b6c3e4: ;   {optimized virtual_call}
  0x0000020d57b6c3e4: 1f40 00e8 

  0x0000020d57b6c3e8: ; ImmutableOopMap {[168]=Oop }
                      ;*invokevirtual setCurrentEventAndMostRecentTimeImpl {reexecute=0 rethrow=0 return_oop=0}
                      ; - java.awt.EventQueue::dispatchEventImpl@14 (line 722)
  0x0000020d57b6c3e8: b429 3700 

  0x0000020d57b6c3ec: ;   {post_call_nop}
  0x0000020d57b6c3ec: 0f1f 8400 | e417 000d | 4c8b 8424 | a800 0000 

  0x0000020d57b6c3fc: ;   {metadata(method data for {method} {0x0000020d75e0a460} 'dispatchEventImpl' '(Ljava/awt/AWTEvent;Ljava/lang/Object;)V' in 'java/awt/EventQueue')}
  0x0000020d57b6c3fc: 4d85 c048 | bf78 d0db | 760d 0200 | 0075 0c80 | 8f51 0100 | 0001 e9c3 | 0000 0041 | 8b58 0841 
  0x0000020d57b6c41c: ba00 0000 | 1f49 03da | 483b 9f60 | 0100 0075 | 0d48 8387 | 6801 0000 | 01e9 6000 | 0000 483b 
  0x0000020d57b6c43c: 9f70 0100 | 0075 0d48 | 8387 7801 | 0000 01e9 | 4a00 0000 | 4883 bf60 | 0100 0000 | 7517 4889 
  0x0000020d57b6c45c: 9f60 0100 | 0048 c787 | 6801 0000 | 0100 0000 | e929 0000 | 0048 83bf | 7001 0000 | 0075 1748 
  0x0000020d57b6c47c: 899f 7001 | 0000 48c7 | 8778 0100 | 0001 0000 | 00e9 0800 | 0000 4883 | 8758 0100 

  0x0000020d57b6c498: ;   {metadata('java/awt/ActiveEvent')}
  0x0000020d57b6c498: 0001 48bb | 087c 2720 | 0000 0000 | 418b 7808 | 41ba 0000 | 001f 4903 | fa48 3b5f | 200f 841f 
  0x0000020d57b6c4b8: 0000 0048 | 3bfb 0f84 | 1600 0000 

  0x0000020d57b6c4c4: ;   {runtime_call C1 Runtime slow_subtype_check_blob}
  0x0000020d57b6c4c4: 5753 e815 | f456 075f | 5f85 ff0f | 849b 0600 | 00e9 0000 | 0000 498b | d048 3b02 

  0x0000020d57b6c4e0: ;   {metadata(method data for {method} {0x0000020d75e0a460} 'dispatchEventImpl' '(Ljava/awt/AWTEvent;Ljava/lang/Object;)V' in 'java/awt/EventQueue')}
  0x0000020d57b6c4e0: 488b f248 | bf78 d0db | 760d 0200 | 008b 7608 | 41ba 0000 | 001f 4903 | f248 3bb7 | 9001 0000 
  0x0000020d57b6c500: 750d 4883 | 8798 0100 | 0001 e960 | 0000 0048 | 3bb7 a001 | 0000 750d | 4883 87a8 | 0100 0001 
  0x0000020d57b6c520: e94a 0000 | 0048 83bf | 9001 0000 | 0075 1748 | 89b7 9001 | 0000 48c7 | 8798 0100 | 0001 0000 
  0x0000020d57b6c540: 00e9 2900 | 0000 4883 | bfa0 0100 | 0000 7517 | 4889 b7a0 | 0100 0048 | c787 a801 | 0000 0100 
  0x0000020d57b6c560: 0000 e908 | 0000 0048 | 8387 8801 | 0000 0166 | 0f1f 4400 | 0048 b880 | 2be2 0f0d 

  0x0000020d57b6c57c: ;   {virtual_call}
  0x0000020d57b6c57c: 0200 00e8 

  0x0000020d57b6c580: ; ImmutableOopMap {}
                      ;*invokeinterface dispatch {reexecute=0 rethrow=0 return_oop=0}
                      ; - java.awt.EventQueue::dispatchEventImpl@21 (line 723)
  0x0000020d57b6c580: 2ceb 7207 

  0x0000020d57b6c584: ;   {post_call_nop}
  0x0000020d57b6c584: 0f1f 8400 | 7c19 000e 

  0x0000020d57b6c58c: ;   {metadata(method data for {method} {0x0000020d75e0a460} 'dispatchEventImpl' '(Ljava/awt/AWTEvent;Ljava/lang/Object;)V' in 'java/awt/EventQueue')}
  0x0000020d57b6c58c: 48ba 78d0 | db76 0d02 | 0000 ff82 | b801 0000 | 4881 c4d0 | 0000 005d 

  0x0000020d57b6c5a4: ;   {poll_return}
  0x0000020d57b6c5a4: 493b 6728 | 0f87 d005 | 0000 c390 

  0x0000020d57b6c5b0: ;   {other}
  0x0000020d57b6c5b0: e9ee 0500 | 0000 0000 | 0000 80ba | 3001 0000 | 040f 85eb | 0500 0049 | 8b87 c801 | 0000 488d 
  0x0000020d57b6c5d0: 7828 493b | bfd8 0100 | 000f 87d3 | 0500 0049 | 89bf c801 | 0000 48c7 | 0001 0000 | 0048 8bca 
  0x0000020d57b6c5f0: 41ba 0000 | 001f 492b | ca89 4808 | 4833 c989 | 480c 4833 | c948 8948 | 1048 8948 | 1848 8948 
  0x0000020d57b6c610: 2048 8bd0 

  0x0000020d57b6c614: ;   {metadata(method data for {method} {0x000000001f477b80} 'lookup' '()Ljava/lang/invoke/MethodHandles$Lookup;' in 'java/lang/invoke/MethodHandles')}
  0x0000020d57b6c614: 48be a83f | 1b75 0d02 | 0000 4883 | 8608 0100 

  0x0000020d57b6c624: ;   {oop("no caller frame"{0x0000000601233128})}
  0x0000020d57b6c624: 0001 49b8 | 2831 2301 | 0600 0000 | 488b d048 | 8984 24c0 | 0000 000f 

  0x0000020d57b6c63c: ;   {optimized virtual_call}
  0x0000020d57b6c63c: 1f40 00e8 

  0x0000020d57b6c640: ; ImmutableOopMap {[168]=Oop [192]=Oop }
                      ;*invokespecial <init> {reexecute=0 rethrow=0 return_oop=0}
                      ; - java.lang.invoke.MethodHandles::lookup@14 (line 127)
                      ; - sun.awt.AWTAccessor::ensureClassInitialized@0 (line 1464)
                      ; - sun.awt.AWTAccessor::getInputEventAccessor@10 (line 963)
                      ; - java.awt.AWTEvent::dispatched@7 (line 571)
                      ; - java.awt.EventQueue::dispatchEventImpl@45 (line 726)
  0x0000020d57b6c640: 9c27 4a07 

  0x0000020d57b6c644: ;   {post_call_nop}
  0x0000020d57b6c644: 0f1f 8400 | 3c1a 000f | 488b 8424 | c000 0000 | e9d2 0500 | 0049 8b87 | 8805 0000 | 4d33 d24d 
  0x0000020d57b6c664: 8997 8805 | 0000 4d33 | d24d 8997 | 9005 0000 

  0x0000020d57b6c674: ;   {oop(a 'java/lang/Class'{0x0000000601087dd8} = 'sun/awt/AWTAccessor')}
  0x0000020d57b6c674: 48be d87d | 0801 0600 | 0000 8bb6 | 8c00 0000 | 48c1 e603 | 4c8b 8424 | a800 0000 

  0x0000020d57b6c690: ;   {metadata(method data for {method} {0x0000020d75dded60} 'dispatched' '()V' in 'java/awt/AWTEvent')}
  0x0000020d57b6c690: 4d85 c048 | b838 d8db | 760d 0200 | 0075 0c80 | 8831 0100 | 0001 e9a9 | 0000 0041 | 8b50 0841 
  0x0000020d57b6c6b0: ba00 0000 | 1f49 03d2 | 483b 9040 | 0100 0075 | 0d48 8380 | 4801 0000 | 01e9 6000 | 0000 483b 
  0x0000020d57b6c6d0: 9050 0100 | 0075 0d48 | 8380 5801 | 0000 01e9 | 4a00 0000 | 4883 b840 | 0100 0000 | 7517 4889 
  0x0000020d57b6c6f0: 9040 0100 | 0048 c780 | 4801 0000 | 0100 0000 | e929 0000 | 0048 83b8 | 5001 0000 | 0075 1748 
  0x0000020d57b6c710: 8990 5001 | 0000 48c7 | 8058 0100 | 0001 0000 | 00e9 0800 | 0000 4883 | 8038 0100 

  0x0000020d57b6c72c: ;   {metadata('java/awt/event/InputEvent')}
  0x0000020d57b6c72c: 0001 48ba | 208a 1920 | 0000 0000 | 418b 4008 | 41ba 0000 | 001f 4903 | c248 3b50 | 500f 8570 
  0x0000020d57b6c74c: 0400 00e9 | 0000 0000 | 498b f848 | 85f6 0f84 | 2500 0000 

  0x0000020d57b6c760: ;   {metadata('java/awt/event/InputEvent$1')}
  0x0000020d57b6c760: 48b9 5895 | 1920 0000 | 0000 8b56 | 0841 ba00 | 0000 1f49 | 03d2 483b | 4a38 0f85 | 4804 0000 
  0x0000020d57b6c780: e900 0000 | 0048 8bde 

  0x0000020d57b6c788: ; implicit exception: dispatches to 0x0000020d57b6cbcd
                      ;   {metadata(method data for {method} {0x0000020d75dded60} 'dispatched' '()V' in 'java/awt/AWTEvent')}
  0x0000020d57b6c788: 483b 0648 | bb38 d8db | 760d 0200 

  0x0000020d57b6c794: ;   {metadata('java/awt/event/InputEvent$1')}
  0x0000020d57b6c794: 0049 ba58 | 9519 2000 | 0000 004c | 8993 7001 | 0000 4883 | 8378 0100 

  0x0000020d57b6c7ac: ;   {metadata(method data for {method} {0x0000020d75de1b50} 'setCanAccessSystemClipboard' '(Ljava/awt/event/InputEvent;Z)V' in 'java/awt/event/InputEvent$1')}
  0x0000020d57b6c7ac: 0001 48be | 50db db76 | 0d02 0000 | 8b9e 9000 | 0000 83c3 | 0289 9e90 | 0000 0081 | e3fe ff1f 
  0x0000020d57b6c7cc: 0085 db0f | 84fd 0300 | 00c6 4728 

  0x0000020d57b6c7d8: ;   {metadata(method data for {method} {0x0000020d75e0a460} 'dispatchEventImpl' '(Ljava/awt/AWTEvent;Ljava/lang/Object;)V' in 'java/awt/EventQueue')}
  0x0000020d57b6c7d8: 0048 be78 | d0db 760d | 0200 00ff | 86b0 0200 | 0048 81c4 | d000 0000 

  0x0000020d57b6c7f0: ;   {poll_return}
  0x0000020d57b6c7f0: 5d49 3b67 | 280f 87fd | 0300 00c3 

  0x0000020d57b6c7fc: ;   {metadata({method} {0x0000020d75e0a460} 'dispatchEventImpl' '(Ljava/awt/AWTEvent;Ljava/lang/Object;)V' in 'java/awt/EventQueue')}
  0x0000020d57b6c7fc: 49ba 58a4 | e075 0d02 | 0000 4c89 | 5424 0848 | c704 24ff 

  0x0000020d57b6c810: ;   {runtime_call C1 Runtime counter_overflow_blob}
  0x0000020d57b6c810: ffff ffe8 

  0x0000020d57b6c814: ; ImmutableOopMap {rdx=Oop r8=Oop r9=Oop [168]=Oop }
                      ;*synchronization entry
                      ; - java.awt.EventQueue::dispatchEventImpl@-1 (line 719)
  0x0000020d57b6c814: 481e 5707 | e951 e5ff 

  0x0000020d57b6c81c: ;   {runtime_call C1 Runtime throw_null_pointer_exception_blob}
  0x0000020d57b6c81c: ffe8 3ebe 

  0x0000020d57b6c820: ; ImmutableOopMap {rdx=Oop r8=Oop r9=Oop [168]=Oop }
                      ;*putfield isPosted {reexecute=1 rethrow=0 return_oop=0}
                      ; - (reexecute) java.awt.EventQueue::dispatchEventImpl@2 (line 719)
  0x0000020d57b6c820: 5607 4c89 

  0x0000020d57b6c824: ;   {runtime_call C1 Runtime throw_class_cast_exception_blob}
  0x0000020d57b6c824: 0c24 e8b5 

  0x0000020d57b6c828: ; ImmutableOopMap {r8=Oop [168]=Oop }
                      ;*checkcast {reexecute=0 rethrow=0 return_oop=0}
                      ; - java.awt.EventQueue::dispatchEventImpl@37 (line 725)
                      ;   {runtime_call C1 Runtime throw_null_pointer_exception_blob}
  0x0000020d57b6c828: ea56 07e8 

  0x0000020d57b6c82c: ; ImmutableOopMap {r8=Oop rdx=Oop [168]=Oop }
                      ;*invokevirtual dispatchEvent {reexecute=0 rethrow=0 return_oop=0}
                      ; - java.awt.EventQueue::dispatchEventImpl@41 (line 725)
  0x0000020d57b6c82c: 30be 5607 

  0x0000020d57b6c830: ;   {metadata({method} {0x0000020d75da7390} 'dispatchEvent' '(Ljava/awt/AWTEvent;)V' in 'java/awt/Component')}
  0x0000020d57b6c830: 49ba 8873 | da75 0d02 | 0000 4c89 | 5424 0848 | c704 24ff 

  0x0000020d57b6c844: ;   {runtime_call C1 Runtime counter_overflow_blob}
  0x0000020d57b6c844: ffff ffe8 

  0x0000020d57b6c848: ; ImmutableOopMap {r8=Oop rdx=Oop [168]=Oop }
                      ;*synchronization entry
                      ; - java.awt.Component::dispatchEvent@-1 (line 4790)
                      ; - java.awt.EventQueue::dispatchEventImpl@41 (line 725)
  0x0000020d57b6c848: 141e 5707 | e9ac e8ff 

  0x0000020d57b6c850: ;   {metadata({method} {0x0000020d75dded60} 'dispatched' '()V' in 'java/awt/AWTEvent')}
  0x0000020d57b6c850: ff49 ba58 | eddd 750d | 0200 004c | 8954 2408 | 48c7 0424 | ffff ffff 

  0x0000020d57b6c868: ;   {runtime_call C1 Runtime counter_overflow_blob}
  0x0000020d57b6c868: e8f3 1d57 

  0x0000020d57b6c86c: ; ImmutableOopMap {[168]=Oop }
                      ;*synchronization entry
                      ; - java.awt.AWTEvent::dispatched@-1 (line 570)
                      ; - java.awt.EventQueue::dispatchEventImpl@45 (line 726)
  0x0000020d57b6c86c: 07e9 f6e9 

  0x0000020d57b6c870: ;   {metadata({method} {0x0000020d75dcbc10} 'getInputEventAccessor' '()Lsun/awt/AWTAccessor$InputEventAccessor;' in 'sun/awt/AWTAccessor')}
  0x0000020d57b6c870: ffff 49ba | 08bc dc75 | 0d02 0000 | 4c89 5424 | 0848 c704 | 24ff ffff 

  0x0000020d57b6c888: ;   {runtime_call C1 Runtime counter_overflow_blob}
  0x0000020d57b6c888: ffe8 d21d 

  0x0000020d57b6c88c: ; ImmutableOopMap {r8=Oop [168]=Oop }
                      ;*synchronization entry
                      ; - sun.awt.AWTAccessor::getInputEventAccessor@-1 (line 961)
                      ; - java.awt.AWTEvent::dispatched@7 (line 571)
                      ; - java.awt.EventQueue::dispatchEventImpl@45 (line 726)
  0x0000020d57b6c88c: 5707 e90e 

  0x0000020d57b6c890: ;   {metadata({method} {0x0000020d75dce3d0} 'ensureClassInitialized' '(Ljava/lang/Class;)V' in 'sun/awt/AWTAccessor')}
  0x0000020d57b6c890: ebff ff49 | bac8 e3dc | 750d 0200 | 004c 8954 | 2408 48c7 | 0424 ffff 

  0x0000020d57b6c8a8: ;   {runtime_call C1 Runtime counter_overflow_blob}
  0x0000020d57b6c8a8: ffff e8b1 

  0x0000020d57b6c8ac: ; ImmutableOopMap {[168]=Oop }
                      ;*synchronization entry
                      ; - sun.awt.AWTAccessor::ensureClassInitialized@-1 (line 1464)
                      ; - sun.awt.AWTAccessor::getInputEventAccessor@10 (line 963)
                      ; - java.awt.AWTEvent::dispatched@7 (line 571)
                      ; - java.awt.EventQueue::dispatchEventImpl@45 (line 726)
  0x0000020d57b6c8ac: 1d57 07e9 | 65eb ffff 

  0x0000020d57b6c8b4: ;   {metadata({method} {0x000000001f477b80} 'lookup' '()Ljava/lang/invoke/MethodHandles$Lookup;' in 'java/lang/invoke/MethodHandles')}
  0x0000020d57b6c8b4: 49ba 787b | 471f 0000 | 0000 4c89 | 5424 0848 | c704 24ff 

  0x0000020d57b6c8c8: ;   {runtime_call C1 Runtime counter_overflow_blob}
  0x0000020d57b6c8c8: ffff ffe8 

  0x0000020d57b6c8cc: ; ImmutableOopMap {[168]=Oop }
                      ;*synchronization entry
                      ; - java.lang.invoke.MethodHandles::lookup@-1 (line 125)
                      ; - sun.awt.AWTAccessor::ensureClassInitialized@0 (line 1464)
                      ; - sun.awt.AWTAccessor::getInputEventAccessor@10 (line 963)
                      ; - java.awt.AWTEvent::dispatched@7 (line 571)
                      ; - java.awt.EventQueue::dispatchEventImpl@45 (line 726)
  0x0000020d57b6c8cc: 901d 5707 | e97d ebff | ff48 8bd2 

  0x0000020d57b6c8d8: ;   {runtime_call C1 Runtime fast_new_instance_blob}
  0x0000020d57b6c8d8: e883 c656 

  0x0000020d57b6c8dc: ; ImmutableOopMap {r8=Oop [168]=Oop }
                      ;*new {reexecute=0 rethrow=0 return_oop=0}
                      ; - java.lang.invoke.MethodHandles::lookup@18 (line 129)
                      ; - sun.awt.AWTAccessor::ensureClassInitialized@0 (line 1464)
                      ; - sun.awt.AWTAccessor::getInputEventAccessor@10 (line 963)
                      ; - java.awt.AWTEvent::dispatched@7 (line 571)
                      ; - java.awt.EventQueue::dispatchEventImpl@45 (line 726)
  0x0000020d57b6c8dc: 07e9 10ec 

  0x0000020d57b6c8e0: ;   {metadata({method} {0x000000001f47be30} '<init>' '(Ljava/lang/Class;)V' in 'java/lang/invoke/MethodHandles$Lookup')}
  0x0000020d57b6c8e0: ffff 49ba | 28be 471f | 0000 0000 | 4c89 5424 | 0848 c704 | 24ff ffff 

  0x0000020d57b6c8f8: ;   {runtime_call C1 Runtime counter_overflow_blob}
  0x0000020d57b6c8f8: ffe8 621d 

  0x0000020d57b6c8fc: ; ImmutableOopMap {r8=Oop rax=Oop [168]=Oop }
                      ;*synchronization entry
                      ; - java.lang.invoke.MethodHandles$Lookup::<init>@-1 (line 1533)
                      ; - java.lang.invoke.MethodHandles::lookup@23 (line 129)
                      ; - sun.awt.AWTAccessor::ensureClassInitialized@0 (line 1464)
                      ; - sun.awt.AWTAccessor::getInputEventAccessor@10 (line 963)
                      ; - java.awt.AWTEvent::dispatched@7 (line 571)
                      ; - java.awt.EventQueue::dispatchEventImpl@45 (line 726)
  0x0000020d57b6c8fc: 5707 e92d 

  0x0000020d57b6c900: ;   {metadata(nullptr)}
  0x0000020d57b6c900: ecff ff48 | b800 0000 | 0000 0000 | 00b8 000f 

  0x0000020d57b6c910: ;   {runtime_call C1 Runtime load_klass_patching_blob}
  0x0000020d57b6c910: 050a e8c9 

  0x0000020d57b6c914: ; ImmutableOopMap {rdx=Oop r9=Oop [168]=Oop }
                      ;*instanceof {reexecute=1 rethrow=0 return_oop=0}
                      ; - (reexecute) java.awt.EventQueue::dispatchEventImpl@70 (line 729)
  0x0000020d57b6c914: 0c57 07e9 | b4ee ffff 

  0x0000020d57b6c91c: ;   {metadata({method} {0x0000020d75e09bd8} 'noEvents' '()Z' in 'java/awt/EventQueue')}
  0x0000020d57b6c91c: 49ba d09b | e075 0d02 | 0000 4c89 | 5424 0848 | c704 24ff 

  0x0000020d57b6c930: ;   {runtime_call C1 Runtime counter_overflow_blob}
  0x0000020d57b6c930: ffff ffe8 

  0x0000020d57b6c934: ; ImmutableOopMap {rdx=Oop }
                      ;*synchronization entry
                      ; - java.awt.EventQueue::noEvents@-1 (line 520)
                      ; - java.awt.EventQueue::dispatchEventImpl@95 (line 732)
  0x0000020d57b6c934: 281d 5707 | e946 f0ff 

  0x0000020d57b6c93c: ;   {runtime_call C1 Runtime throw_null_pointer_exception_blob}
  0x0000020d57b6c93c: ffe8 1ebd 

  0x0000020d57b6c940: ; ImmutableOopMap {rdx=Oop rdi=Oop }
                      ;*aaload {reexecute=0 rethrow=0 return_oop=0}
                      ; - java.awt.EventQueue::noEvents@12 (line 521)
                      ; - java.awt.EventQueue::dispatchEventImpl@95 (line 732)
                      ;   {runtime_call C1 Runtime throw_null_pointer_exception_blob}
  0x0000020d57b6c940: 5607 e819 

  0x0000020d57b6c944: ; ImmutableOopMap {rdx=Oop rdi=Oop }
                      ;*aaload {reexecute=0 rethrow=0 return_oop=0}
                      ; - java.awt.EventQueue::noEvents@12 (line 521)
                      ; - java.awt.EventQueue::dispatchEventImpl@95 (line 732)
  0x0000020d57b6c944: bd56 0748 | 8934 2448 | 897c 2408 

  0x0000020d57b6c950: ;   {runtime_call C1 Runtime throw_range_check_failed_blob}
  0x0000020d57b6c950: e88b b056 

  0x0000020d57b6c954: ; ImmutableOopMap {rdx=Oop rdi=Oop }
                      ;*aaload {reexecute=0 rethrow=0 return_oop=0}
                      ; - java.awt.EventQueue::noEvents@12 (line 521)
                      ; - java.awt.EventQueue::dispatchEventImpl@95 (line 732)
                      ;   {runtime_call C1 Runtime throw_null_pointer_exception_blob}
  0x0000020d57b6c954: 07e8 06bd 

  0x0000020d57b6c958: ; ImmutableOopMap {rdx=Oop }
                      ;*getfield head {reexecute=1 rethrow=0 return_oop=0}
                      ; - (reexecute) java.awt.EventQueue::noEvents@13 (line 521)
                      ; - java.awt.EventQueue::dispatchEventImpl@95 (line 732)
                      ;   {metadata({method} {0x0000020d75e09bd8} 'noEvents' '()Z' in 'java/awt/EventQueue')}
  0x0000020d57b6c958: 5607 49ba | d09b e075 | 0d02 0000 | 4c89 5424 | 0848 c704 | 2418 0000 

  0x0000020d57b6c970: ;   {runtime_call C1 Runtime counter_overflow_blob}
  0x0000020d57b6c970: 00e8 ea1c 

  0x0000020d57b6c974: ; ImmutableOopMap {rdx=Oop }
                      ;*goto {reexecute=1 rethrow=0 return_oop=0}
                      ; - (reexecute) java.awt.EventQueue::noEvents@24 (line 520)
                      ; - java.awt.EventQueue::dispatchEventImpl@95 (line 732)
  0x0000020d57b6c974: 5707 e98b 

  0x0000020d57b6c978: ;   {metadata({method} {0x0000020d75e08b00} 'getEventLog' '()Lsun/util/logging/PlatformLogger;' in 'java/awt/EventQueue')}
  0x0000020d57b6c978: f0ff ff49 | baf8 8ae0 | 750d 0200 | 004c 8954 | 2408 48c7 | 0424 ffff 

  0x0000020d57b6c990: ;   {runtime_call C1 Runtime counter_overflow_blob}
  0x0000020d57b6c990: ffff e8c9 

  0x0000020d57b6c994: ; ImmutableOopMap {[168]=Oop }
                      ;*synchronization entry
                      ; - java.awt.EventQueue::getEventLog@-1 (line 180)
                      ; - java.awt.EventQueue::dispatchEventImpl@111 (line 736)
  0x0000020d57b6c994: 1c57 07e9 | 28f1 ffff | 418b 9080 | 0000 0048 | c1e2 0348 | 83fa 000f | 8492 f1ff | ff48 8914 
  0x0000020d57b6c9b4: ;   {runtime_call g1_pre_barrier_slow}
  0x0000020d57b6c9b4: 24e8 a622 | 5707 e984 | f1ff ff48 | 83f8 000f | 84a2 f1ff | ff4c 8904 

  0x0000020d57b6c9cc: ;   {runtime_call g1_post_barrier_slow}
  0x0000020d57b6c9cc: 24e8 8e25 | 5707 e994 

  0x0000020d57b6c9d4: ;   {runtime_call C1 Runtime throw_null_pointer_exception_blob}
  0x0000020d57b6c9d4: f1ff ffe8 

  0x0000020d57b6c9d8: ; ImmutableOopMap {r8=Oop [168]=Oop }
                      ;*invokevirtual isLoggable {reexecute=0 rethrow=0 return_oop=0}
                      ; - java.awt.EventQueue::dispatchEventImpl@117 (line 736)
  0x0000020d57b6c9d8: 84bc 5607 

  0x0000020d57b6c9dc: ;   {metadata({method} {0x0000020d75dbf628} 'isLoggable' '(Lsun/util/logging/PlatformLogger$Level;)Z' in 'sun/util/logging/PlatformLogger')}
  0x0000020d57b6c9dc: 49ba 20f6 | db75 0d02 | 0000 4c89 | 5424 0848 | c704 24ff 

  0x0000020d57b6c9f0: ;   {runtime_call C1 Runtime counter_overflow_blob}
  0x0000020d57b6c9f0: ffff ffe8 

  0x0000020d57b6c9f4: ; ImmutableOopMap {r8=Oop [168]=Oop }
                      ;*synchronization entry
                      ; - sun.util.logging.PlatformLogger::isLoggable@-1 (line 336)
                      ; - java.awt.EventQueue::dispatchEventImpl@117 (line 736)
  0x0000020d57b6c9f4: 681c 5707 | e9d3 f1ff 

  0x0000020d57b6c9fc: ;   {runtime_call C1 Runtime throw_null_pointer_exception_blob}
  0x0000020d57b6c9fc: ffe8 5ebc 

  0x0000020d57b6ca00: ; ImmutableOopMap {rdx=Oop [168]=Oop }
                      ;*invokeinterface isLoggable {reexecute=0 rethrow=0 return_oop=0}
                      ; - sun.util.logging.PlatformLogger::isLoggable@17 (line 340)
                      ; - java.awt.EventQueue::dispatchEventImpl@117 (line 736)
                      ;   {metadata({method} {0x0000020d75e08b00} 'getEventLog' '()Lsun/util/logging/PlatformLogger;' in 'java/awt/EventQueue')}
  0x0000020d57b6ca00: 5607 49ba | f88a e075 | 0d02 0000 | 4c89 5424 | 0848 c704 | 24ff ffff 

  0x0000020d57b6ca18: ;   {runtime_call C1 Runtime counter_overflow_blob}
  0x0000020d57b6ca18: ffe8 421c 

  0x0000020d57b6ca1c: ; ImmutableOopMap {[168]=Oop }
                      ;*synchronization entry
                      ; - java.awt.EventQueue::getEventLog@-1 (line 180)
                      ; - java.awt.EventQueue::dispatchEventImpl@123 (line 737)
  0x0000020d57b6ca1c: 5707 e9df | f2ff ff8b | b280 0000 | 0048 c1e6 | 0348 83fe | 000f 844c | f3ff ff48 

  0x0000020d57b6ca38: ;   {runtime_call g1_pre_barrier_slow}
  0x0000020d57b6ca38: 8934 24e8 | 2022 5707 | e93e f3ff | ff48 83f8 | 000f 845c | f3ff ff48 

  0x0000020d57b6ca50: ;   {runtime_call g1_post_barrier_slow}
  0x0000020d57b6ca50: 8914 24e8 | 0825 5707 | e94e f3ff 

  0x0000020d57b6ca5c: ;   {metadata({method} {0x000000001f4aede0} 'valueOf' '(Ljava/lang/Object;)Ljava/lang/String;' in 'java/lang/String')}
  0x0000020d57b6ca5c: ff49 bad8 | ed4a 1f00 | 0000 004c | 8954 2408 | 48c7 0424 | ffff ffff 

  0x0000020d57b6ca74: ;   {runtime_call C1 Runtime counter_overflow_blob}
  0x0000020d57b6ca74: e8e7 1b57 

  0x0000020d57b6ca78: ; ImmutableOopMap {rsi=Oop r8=Oop [168]=Oop [184]=Oop }
                      ;*synchronization entry
                      ; - java.lang.String::valueOf@-1 (line 4530)
                      ; - java.awt.EventQueue::dispatchEventImpl@127 (line 737)
  0x0000020d57b6ca78: 07e9 8af3 | ffff 49b8 | 0000 0000 | 0000 0000 | b800 0f05 

  0x0000020d57b6ca8c: ;   {runtime_call C1 Runtime load_appendix_patching_blob}
  0x0000020d57b6ca8c: 0ae8 4e14 

  0x0000020d57b6ca90: ; ImmutableOopMap {rdi=Oop [184]=Oop }
                      ;*invokedynamic {reexecute=1 rethrow=0 return_oop=0}
                      ; - (reexecute) java.awt.EventQueue::dispatchEventImpl@130 (line 737)
  0x0000020d57b6ca90: 5707 e961 

  0x0000020d57b6ca94: ;   {runtime_call C1 Runtime throw_null_pointer_exception_blob}
  0x0000020d57b6ca94: f4ff ffe8 

  0x0000020d57b6ca98: ; ImmutableOopMap {rax=Oop rsi=Oop [184]=Oop }
                      ;*invokevirtual fine {reexecute=0 rethrow=0 return_oop=0}
                      ; - java.awt.EventQueue::dispatchEventImpl@135 (line 737)
  0x0000020d57b6ca98: c4bb 5607 

  0x0000020d57b6ca9c: ;   {metadata({method} {0x0000020d75dc0280} 'fine' '(Ljava/lang/String;)V' in 'sun/util/logging/PlatformLogger')}
  0x0000020d57b6ca9c: 49ba 7802 | dc75 0d02 | 0000 4c89 | 5424 0848 | c704 24ff 

  0x0000020d57b6cab0: ;   {runtime_call C1 Runtime counter_overflow_blob}
  0x0000020d57b6cab0: ffff ffe8 

  0x0000020d57b6cab4: ; ImmutableOopMap {rax=Oop rsi=Oop [184]=Oop }
                      ;*synchronization entry
                      ; - sun.util.logging.PlatformLogger::fine@-1 (line 449)
                      ; - java.awt.EventQueue::dispatchEventImpl@135 (line 737)
  0x0000020d57b6cab4: a81b 5707 | e9d5 f4ff 

  0x0000020d57b6cabc: ;   {runtime_call C1 Runtime throw_null_pointer_exception_blob}
  0x0000020d57b6cabc: ffe8 9ebb 

  0x0000020d57b6cac0: ; ImmutableOopMap {rax=Oop rdx=Oop }
                      ;*invokeinterface log {reexecute=0 rethrow=0 return_oop=0}
                      ; - sun.util.logging.PlatformLogger::fine@12 (line 449)
                      ; - java.awt.EventQueue::dispatchEventImpl@135 (line 737)
                      ;   {internal_word}
  0x0000020d57b6cac0: 5607 49ba | 64c0 b657 | 0d02 0000 | 4d89 97e0 

  0x0000020d57b6cad0: ;   {runtime_call SafepointBlob}
  0x0000020d57b6cad0: 0400 00e9 | 8844 4a07 

  0x0000020d57b6cad8: ;   {runtime_call C1 Runtime throw_null_pointer_exception_blob}
  0x0000020d57b6cad8: e883 bb56 

  0x0000020d57b6cadc: ; ImmutableOopMap {r8=Oop }
                      ;*invokevirtual stopDispatching {reexecute=0 rethrow=0 return_oop=0}
                      ; - java.awt.EventQueue::dispatchEventImpl@105 (line 733)
                      ;   {metadata({method} {0x0000020d762e4ef8} 'stopDispatching' '()V' in 'java/awt/EventDispatchThread')}
  0x0000020d57b6cadc: 0749 baf0 | 4e2e 760d | 0200 004c | 8954 2408 | 48c7 0424 | ffff ffff 

  0x0000020d57b6caf4: ;   {runtime_call C1 Runtime counter_overflow_blob}
  0x0000020d57b6caf4: e867 1b57 

  0x0000020d57b6caf8: ; ImmutableOopMap {r8=Oop }
                      ;*synchronization entry
                      ; - java.awt.EventDispatchThread::stopDispatching@-1 (line 85)
                      ; - java.awt.EventQueue::dispatchEventImpl@105 (line 733)
  0x0000020d57b6caf8: 07e9 c9f5 

  0x0000020d57b6cafc: ;   {internal_word}
  0x0000020d57b6cafc: ffff 49ba | efc0 b657 | 0d02 0000 | 4d89 97e0 

  0x0000020d57b6cb0c: ;   {runtime_call SafepointBlob}
  0x0000020d57b6cb0c: 0400 00e9 | 4c44 4a07 

  0x0000020d57b6cb14: ;   {metadata(nullptr)}
  0x0000020d57b6cb14: 48bb 0000 | 0000 0000 | 0000 b800 

  0x0000020d57b6cb20: ;   {runtime_call C1 Runtime load_klass_patching_blob}
  0x0000020d57b6cb20: 0f05 0ae8 

  0x0000020d57b6cb24: ; ImmutableOopMap {r9=Oop r8=Oop [168]=Oop }
                      ;*checkcast {reexecute=1 rethrow=0 return_oop=0}
                      ; - (reexecute) java.awt.EventQueue::dispatchEventImpl@77 (line 730)
  0x0000020d57b6cb24: b80a 5707 | e973 f6ff | ff4c 890c 

  0x0000020d57b6cb30: ;   {runtime_call C1 Runtime throw_class_cast_exception_blob}
  0x0000020d57b6cb30: 24e8 aae7 

  0x0000020d57b6cb34: ; ImmutableOopMap {r9=Oop r8=Oop [168]=Oop }
                      ;*checkcast {reexecute=0 rethrow=0 return_oop=0}
                      ; - java.awt.EventQueue::dispatchEventImpl@77 (line 730)
                      ;   {internal_word}
  0x0000020d57b6cb34: 5607 49ba | 25c2 b657 | 0d02 0000 | 4d89 97e0 

  0x0000020d57b6cb44: ;   {runtime_call SafepointBlob}
  0x0000020d57b6cb44: 0400 00e9 | 1444 4a07 | 4c89 0c24 

  0x0000020d57b6cb50: ;   {runtime_call C1 Runtime throw_class_cast_exception_blob}
  0x0000020d57b6cb50: e88b e756 

  0x0000020d57b6cb54: ; ImmutableOopMap {r8=Oop [168]=Oop }
                      ;*checkcast {reexecute=0 rethrow=0 return_oop=0}
                      ; - java.awt.EventQueue::dispatchEventImpl@59 (line 728)
                      ;   {runtime_call C1 Runtime throw_null_pointer_exception_blob}
  0x0000020d57b6cb54: 07e8 06bb 

  0x0000020d57b6cb58: ; ImmutableOopMap {r8=Oop rdx=Oop [168]=Oop }
                      ;*invokevirtual dispatchEvent {reexecute=0 rethrow=0 return_oop=0}
                      ; - java.awt.EventQueue::dispatchEventImpl@63 (line 728)
                      ;   {internal_word}
  0x0000020d57b6cb58: 5607 49ba | bdc3 b657 | 0d02 0000 | 4d89 97e0 

  0x0000020d57b6cb68: ;   {runtime_call SafepointBlob}
  0x0000020d57b6cb68: 0400 00e9 | f043 4a07 | 4c89 0424 

  0x0000020d57b6cb74: ;   {runtime_call C1 Runtime throw_class_cast_exception_blob}
  0x0000020d57b6cb74: e867 e756 

  0x0000020d57b6cb78: ; ImmutableOopMap {}
                      ;*checkcast {reexecute=0 rethrow=0 return_oop=0}
                      ; - java.awt.EventQueue::dispatchEventImpl@18 (line 723)
                      ;   {runtime_call C1 Runtime throw_null_pointer_exception_blob}
  0x0000020d57b6cb78: 07e8 e2ba 

  0x0000020d57b6cb7c: ; ImmutableOopMap {rdx=Oop }
                      ;*invokeinterface dispatch {reexecute=0 rethrow=0 return_oop=0}
                      ; - java.awt.EventQueue::dispatchEventImpl@21 (line 723)
                      ;   {internal_word}
  0x0000020d57b6cb7c: 5607 49ba | a4c5 b657 | 0d02 0000 | 4d89 97e0 

  0x0000020d57b6cb8c: ;   {runtime_call SafepointBlob}
  0x0000020d57b6cb8c: 0400 00e9 | cc43 4a07 

  0x0000020d57b6cb94: ;   {metadata(nullptr)}
  0x0000020d57b6cb94: 48ba 0000 | 0000 0000 | 0000 b800 

  0x0000020d57b6cba0: ;   {runtime_call C1 Runtime load_klass_patching_blob}
  0x0000020d57b6cba0: 0f05 0ae8 

  0x0000020d57b6cba4: ; ImmutableOopMap {[168]=Oop }
                      ;*new {reexecute=1 rethrow=0 return_oop=0}
                      ; - (reexecute) java.lang.invoke.MethodHandles::lookup@8 (line 127)
                      ; - sun.awt.AWTAccessor::ensureClassInitialized@0 (line 1464)
                      ; - sun.awt.AWTAccessor::getInputEventAccessor@10 (line 963)
                      ; - java.awt.AWTEvent::dispatched@7 (line 571)
                      ; - java.awt.EventQueue::dispatchEventImpl@45 (line 726)
  0x0000020d57b6cba4: 380a 5707 | e903 faff 

  0x0000020d57b6cbac: ;   {runtime_call C1 Runtime throw_null_pointer_exception_blob}
  0x0000020d57b6cbac: ffe8 aeba 

  0x0000020d57b6cbb0: ; ImmutableOopMap {[168]=Oop }
                      ;*new {reexecute=0 rethrow=0 return_oop=0}
                      ; - java.lang.invoke.MethodHandles::lookup@8 (line 127)
                      ; - sun.awt.AWTAccessor::ensureClassInitialized@0 (line 1464)
                      ; - sun.awt.AWTAccessor::getInputEventAccessor@10 (line 963)
                      ; - java.awt.AWTEvent::dispatched@7 (line 571)
                      ; - java.awt.EventQueue::dispatchEventImpl@45 (line 726)
  0x0000020d57b6cbb0: 5607 488b 

  0x0000020d57b6cbb4: ;   {runtime_call C1 Runtime fast_new_instance_init_check_blob}
  0x0000020d57b6cbb4: d2e8 a6c6 

  0x0000020d57b6cbb8: ; ImmutableOopMap {[168]=Oop }
                      ;*new {reexecute=0 rethrow=0 return_oop=0}
                      ; - java.lang.invoke.MethodHandles::lookup@8 (line 127)
                      ; - sun.awt.AWTAccessor::ensureClassInitialized@0 (line 1464)
                      ; - sun.awt.AWTAccessor::getInputEventAccessor@10 (line 963)
                      ; - java.awt.AWTEvent::dispatched@7 (line 571)
                      ; - java.awt.EventQueue::dispatchEventImpl@45 (line 726)
  0x0000020d57b6cbb8: 5607 e952 | faff ff4c 

  0x0000020d57b6cbc0: ;   {runtime_call C1 Runtime throw_class_cast_exception_blob}
  0x0000020d57b6cbc0: 8904 24e8 

  0x0000020d57b6cbc4: ; ImmutableOopMap {rsi=Oop }
                      ;*checkcast {reexecute=0 rethrow=0 return_oop=0}
                      ; - java.awt.AWTEvent::dispatched@11 (line 571)
                      ; - java.awt.EventQueue::dispatchEventImpl@45 (line 726)
  0x0000020d57b6cbc4: 18e7 5607 

  0x0000020d57b6cbc8: ;   {runtime_call C1 Runtime throw_incompatible_class_change_error_blob}
  0x0000020d57b6cbc8: e813 ea56 

  0x0000020d57b6cbcc: ; ImmutableOopMap {rsi=Oop rdi=Oop }
                      ;*invokeinterface setCanAccessSystemClipboard {reexecute=0 rethrow=0 return_oop=0}
                      ; - java.awt.AWTEvent::dispatched@15 (line 572)
                      ; - java.awt.EventQueue::dispatchEventImpl@45 (line 726)
                      ;   {runtime_call C1 Runtime throw_null_pointer_exception_blob}
  0x0000020d57b6cbcc: 07e8 8eba 

  0x0000020d57b6cbd0: ; ImmutableOopMap {rsi=Oop rdi=Oop }
                      ;*invokeinterface setCanAccessSystemClipboard {reexecute=0 rethrow=0 return_oop=0}
                      ; - java.awt.AWTEvent::dispatched@15 (line 572)
                      ; - java.awt.EventQueue::dispatchEventImpl@45 (line 726)
                      ;   {metadata({method} {0x0000020d75de1b50} 'setCanAccessSystemClipboard' '(Ljava/awt/event/InputEvent;Z)V' in 'java/awt/event/InputEvent$1')}
  0x0000020d57b6cbd0: 5607 49ba | 481b de75 | 0d02 0000 | 4c89 5424 | 0848 c704 | 24ff ffff 

  0x0000020d57b6cbe8: ;   {runtime_call C1 Runtime counter_overflow_blob}
  0x0000020d57b6cbe8: ffe8 721a 

  0x0000020d57b6cbec: ; ImmutableOopMap {rdi=Oop }
                      ;*synchronization entry
                      ; - java.awt.event.InputEvent$1::setCanAccessSystemClipboard@-1 (line 338)
                      ; - java.awt.AWTEvent::dispatched@15 (line 572)
                      ; - java.awt.EventQueue::dispatchEventImpl@45 (line 726)
  0x0000020d57b6cbec: 5707 e9e2 

  0x0000020d57b6cbf0: ;   {runtime_call C1 Runtime throw_null_pointer_exception_blob}
  0x0000020d57b6cbf0: fbff ffe8 

  0x0000020d57b6cbf4: ; ImmutableOopMap {}
                      ;*putfield canAccessSystemClipboard {reexecute=1 rethrow=0 return_oop=0}
                      ; - (reexecute) java.awt.event.InputEvent$1::setCanAccessSystemClipboard@2 (line 338)
                      ; - java.awt.AWTEvent::dispatched@15 (line 572)
                      ; - java.awt.EventQueue::dispatchEventImpl@45 (line 726)
  0x0000020d57b6cbf4: 68ba 5607 

  0x0000020d57b6cbf8: ;   {internal_word}
  0x0000020d57b6cbf8: 49ba f1c7 | b657 0d02 | 0000 4d89 | 97e0 0400 

  0x0000020d57b6cc08: ;   {runtime_call SafepointBlob}
  0x0000020d57b6cc08: 00e9 5243 | 4a07 498b | 8788 0500 | 0049 c787 | 8805 0000 | 0000 0000 | 49c7 8790 | 0500 0000 
  0x0000020d57b6cc28: 0000 0048 | 81c4 d000 

  0x0000020d57b6cc30: ;   {runtime_call C1 Runtime unwind_exception_blob}
  0x0000020d57b6cc30: 0000 5de9 | a8a7 5607 
[Stub Code]
  0x0000020d57b6cc38: ;   {other}
  0x0000020d57b6cc38: 0f1f 4400 

  0x0000020d57b6cc3c: ;   {static_stub}
  0x0000020d57b6cc3c: 0048 bb00 | 0000 0000 

  0x0000020d57b6cc44: ;   {runtime_call nmethod}
  0x0000020d57b6cc44: 0000 00e9 | fbff ffff 

  0x0000020d57b6cc4c: ;   {static_stub}
  0x0000020d57b6cc4c: 9048 bb00 | 0000 0000 

  0x0000020d57b6cc54: ;   {runtime_call nmethod}
  0x0000020d57b6cc54: 0000 00e9 | fbff ffff 

  0x0000020d57b6cc5c: ;   {static_stub}
  0x0000020d57b6cc5c: 9048 bb00 | 0000 0000 

  0x0000020d57b6cc64: ;   {runtime_call nmethod}
  0x0000020d57b6cc64: 0000 00e9 | fbff ffff 

  0x0000020d57b6cc6c: ;   {static_stub}
  0x0000020d57b6cc6c: 9048 bb00 | 0000 0000 

  0x0000020d57b6cc74: ;   {runtime_call nmethod}
  0x0000020d57b6cc74: 0000 00e9 | fbff ffff 

  0x0000020d57b6cc7c: ;   {static_stub}
  0x0000020d57b6cc7c: 9048 bb00 | 0000 0000 

  0x0000020d57b6cc84: ;   {runtime_call nmethod}
  0x0000020d57b6cc84: 0000 00e9 | fbff ffff 

  0x0000020d57b6cc8c: ;   {static_stub}
  0x0000020d57b6cc8c: 9048 bb00 | 0000 0000 

  0x0000020d57b6cc94: ;   {runtime_call nmethod}
  0x0000020d57b6cc94: 0000 00e9 | fbff ffff 

  0x0000020d57b6cc9c: ;   {static_stub}
  0x0000020d57b6cc9c: 9048 bb00 | 0000 0000 

  0x0000020d57b6cca4: ;   {runtime_call nmethod}
  0x0000020d57b6cca4: 0000 00e9 | fbff ffff 

  0x0000020d57b6ccac: ;   {static_stub}
  0x0000020d57b6ccac: 9048 bb00 | 0000 0000 

  0x0000020d57b6ccb4: ;   {runtime_call nmethod}
  0x0000020d57b6ccb4: 0000 00e9 | fbff ffff 

  0x0000020d57b6ccbc: ;   {static_stub}
  0x0000020d57b6ccbc: 9048 bb00 | 0000 0000 

  0x0000020d57b6ccc4: ;   {runtime_call nmethod}
  0x0000020d57b6ccc4: 0000 00e9 | fbff ffff 

  0x0000020d57b6cccc: ;   {static_stub}
  0x0000020d57b6cccc: 48bb 0000 | 0000 0000 

  0x0000020d57b6ccd4: ;   {runtime_call nmethod}
  0x0000020d57b6ccd4: 0000 e9fb 

  0x0000020d57b6ccd8: ;   {static_stub}
  0x0000020d57b6ccd8: ffff ff48 | bb00 0000 | 0000 0000 

  0x0000020d57b6cce4: ;   {runtime_call nmethod}
  0x0000020d57b6cce4: 00e9 fbff 

  0x0000020d57b6cce8: ;   {static_stub}
  0x0000020d57b6cce8: ffff 48bb | 0000 0000 | 0000 0000 

  0x0000020d57b6ccf4: ;   {runtime_call nmethod}
  0x0000020d57b6ccf4: e9fb ffff 

  0x0000020d57b6ccf8: ;   {static_stub}
  0x0000020d57b6ccf8: ff48 bb00 | 0000 0000 

  0x0000020d57b6cd00: ;   {runtime_call nmethod}
  0x0000020d57b6cd00: 0000 00e9 | fbff ffff 

  0x0000020d57b6cd08: ;   {static_stub}
  0x0000020d57b6cd08: 48bb 0000 | 0000 0000 

  0x0000020d57b6cd10: ;   {runtime_call nmethod}
  0x0000020d57b6cd10: 0000 e9fb 

  0x0000020d57b6cd14: ;   {runtime_call C1 Runtime handle_exception_from_callee_blob}
  0x0000020d57b6cd14: ffff ffe8 | c4df 5607 

  0x0000020d57b6cd1c: ;   {external_word}
  0x0000020d57b6cd1c: 48b9 6020 | 19a7 fe7f | 0000 4883 

  0x0000020d57b6cd28: ;   {runtime_call}
  0x0000020d57b6cd28: e4f0 48b8 | 50a8 d3a6 | fe7f 0000 

  0x0000020d57b6cd34: ;   {section_word}
  0x0000020d57b6cd34: ffd0 f449 | ba37 cdb6 | 570d 0200 

  0x0000020d57b6cd40: ;   {runtime_call DeoptimizationBlob}
  0x0000020d57b6cd40: 0041 52e9 | 1845 4a07 
[/MachCode]


---------------  P R O C E S S  ---------------

Threads class SMR info:
_java_thread_list=0x0000020d0fc0f9d0, length=31, elements={
0x0000020d73ea2950, 0x0000020d73ea3260, 0x0000020d73ea6210, 0x0000020d73ea6dd0,
0x0000020d73ea7990, 0x0000020d73ea8960, 0x0000020d73eb1860, 0x0000020d73ed7950,
0x0000020d74c514c0, 0x0000020d74c53070, 0x0000020d7a3d80a0, 0x0000020d7aa2b730,
0x0000020d7aa2cea0, 0x0000020d0cfd5220, 0x0000020d0cfd32e0, 0x0000020d0cfd7160,
0x0000020d0d5941b0, 0x0000020d0fb31ad0, 0x0000020d0fb2ccb0, 0x0000020d0fb2ebf0,
0x0000020d0fb2fb90, 0x0000020d0d592270, 0x0000020d0cfd3ab0, 0x0000020d0fcb9770,
0x0000020d1020fff0, 0x0000020d1020e880, 0x0000020d1020f820, 0x0000020d79245370,
0x0000020d79245b40, 0x0000020d7a8f3c30, 0x0000020d0ff29880
}

Java Threads: ( => current thread )
  0x0000020d73ea2950 JavaThread "Reference Handler"          daemon [_thread_blocked, id=16908, stack(0x000000ddd8c00000,0x000000ddd8d00000) (1024K)]
  0x0000020d73ea3260 JavaThread "Finalizer"                  daemon [_thread_blocked, id=32100, stack(0x000000ddd8d00000,0x000000ddd8e00000) (1024K)]
  0x0000020d73ea6210 JavaThread "Signal Dispatcher"          daemon [_thread_blocked, id=29924, stack(0x000000ddd8e00000,0x000000ddd8f00000) (1024K)]
  0x0000020d73ea6dd0 JavaThread "Attach Listener"            daemon [_thread_blocked, id=4020, stack(0x000000ddd8f00000,0x000000ddd9000000) (1024K)]
  0x0000020d73ea7990 JavaThread "Service Thread"             daemon [_thread_blocked, id=11336, stack(0x000000ddd9000000,0x000000ddd9100000) (1024K)]
  0x0000020d73ea8960 JavaThread "Monitor Deflation Thread"   daemon [_thread_blocked, id=6040, stack(0x000000ddd9100000,0x000000ddd9200000) (1024K)]
  0x0000020d73eb1860 JavaThread "C2 CompilerThread0"         daemon [_thread_blocked, id=31960, stack(0x000000ddd9200000,0x000000ddd9300000) (1024K)]
  0x0000020d73ed7950 JavaThread "C1 CompilerThread0"         daemon [_thread_blocked, id=7308, stack(0x000000ddd9300000,0x000000ddd9400000) (1024K)]
  0x0000020d74c514c0 JavaThread "Notification Thread"        daemon [_thread_blocked, id=21024, stack(0x000000ddd9400000,0x000000ddd9500000) (1024K)]
  0x0000020d74c53070 JavaThread "Common-Cleaner"             daemon [_thread_blocked, id=20716, stack(0x000000ddd9500000,0x000000ddd9600000) (1024K)]
  0x0000020d7a3d80a0 JavaThread "Java2D Disposer"            daemon [_thread_blocked, id=26196, stack(0x000000ddd9900000,0x000000ddd9a00000) (1024K)]
  0x0000020d7aa2b730 JavaThread "AWT-Shutdown"                      [_thread_blocked, id=10184, stack(0x000000ddd9c00000,0x000000ddd9d00000) (1024K)]
  0x0000020d7aa2cea0 JavaThread "AWT-Windows"                daemon [_thread_in_native, id=21996, stack(0x000000ddda100000,0x000000ddda200000) (1024K)]
=>0x0000020d0cfd5220 JavaThread "AWT-EventQueue-0"                  [_thread_in_native, id=26108, stack(0x000000ddddd00000,0x000000dddde00000) (1024K)]
  0x0000020d0cfd32e0 JavaThread "D3D Screen Updater"         daemon [_thread_blocked, id=19088, stack(0x000000dddde00000,0x000000ddddf00000) (1024K)]
  0x0000020d0cfd7160 JavaThread "lava-daemon-pool-manager-3-thread-1" daemon [_thread_blocked, id=7920, stack(0x000000ddd9800000,0x000000ddd9900000) (1024K)]
  0x0000020d0d5941b0 JavaThread "pool-2-thread-1"                   [_thread_blocked, id=8284, stack(0x000000ddde300000,0x000000ddde400000) (1024K)]
  0x0000020d0fb31ad0 JavaThread "JDA RateLimit-Scheduler-Worker 1"        [_thread_blocked, id=28876, stack(0x000000ddde800000,0x000000ddde900000) (1024K)]
  0x0000020d0fb2ccb0 JavaThread "TimerQueue"                 daemon [_thread_blocked, id=21520, stack(0x000000ddde900000,0x000000dddea00000) (1024K)]
  0x0000020d0fb2ebf0 JavaThread "JDA RateLimit-Scheduler-Worker 2"        [_thread_blocked, id=12168, stack(0x000000dddea00000,0x000000dddeb00000) (1024K)]
  0x0000020d0fb2fb90 JavaThread "JDA RateLimit-Elastic-Worker 1"        [_thread_blocked, id=26352, stack(0x000000dddeb00000,0x000000dddec00000) (1024K)]
  0x0000020d0d592270 JavaThread "JDA Gateway-Worker 1"       daemon [_thread_blocked, id=18876, stack(0x000000ddded00000,0x000000dddee00000) (1024K)]
  0x0000020d0cfd3ab0 JavaThread "DestroyJavaVM"                     [_thread_blocked, id=29492, stack(0x000000ddd8400000,0x000000ddd8500000) (1024K)]
  0x0000020d0fcb9770 JavaThread "lava-daemon-pool-info-loader-2-thread-1" daemon [_thread_blocked, id=28000, stack(0x000000dddad00000,0x000000dddae00000) (1024K)]
  0x0000020d1020fff0 JavaThread "JDA AudioLifeCycle-Worker 1" daemon [_thread_blocked, id=16256, stack(0x000000dddf600000,0x000000dddf700000) (1024K)]
  0x0000020d1020e880 JavaThread "JDA MainWS-ReadThread"             [_thread_in_native, id=11308, stack(0x000000ddd8200000,0x000000ddd8300000) (1024K)]
  0x0000020d1020f820 JavaThread "JDA MainWS-WriteThread"            [_thread_blocked, id=16900, stack(0x000000ddd9a00000,0x000000ddd9b00000) (1024K)]
  0x0000020d79245370 JavaThread "JDA AudioWS-ReadThread (guildId: 1242962347128000542)"        [_thread_in_native, id=7792, stack(0x000000ddde200000,0x000000ddde300000) (1024K)]
  0x0000020d79245b40 JavaThread "JDA AudioWS-WriteThread (guildId: 1242962347128000542)"        [_thread_blocked, id=23832, stack(0x000000ddde500000,0x000000ddde600000) (1024K)]
  0x0000020d7a8f3c30 JavaThread "JDA AudioConnection Guild: 1242962347128000542 Sending Thread" daemon [_thread_blocked, id=16736, stack(0x000000ddde600000,0x000000ddde700000) (1024K)]
  0x0000020d0ff29880 JavaThread "lava-daemon-pool-playback-1-thread-57" daemon [_thread_blocked, id=7832, stack(0x000000ddd9700000,0x000000ddd9800000) (1024K)]
Total: 31

Other Threads:
  0x0000020d73e90220 VMThread "VM Thread"                           [id=18244, stack(0x000000ddd8b00000,0x000000ddd8c00000) (1024K)]
  0x0000020d73e831a0 WatcherThread "VM Periodic Task Thread"        [id=3528, stack(0x000000ddd8a00000,0x000000ddd8b00000) (1024K)]
  0x0000020d4d7ef4d0 WorkerThread "GC Thread#0"                     [id=21708, stack(0x000000ddd8500000,0x000000ddd8600000) (1024K)]
  0x0000020d7a0806b0 WorkerThread "GC Thread#1"                     [id=15996, stack(0x000000ddda200000,0x000000ddda300000) (1024K)]
  0x0000020d7a081c40 WorkerThread "GC Thread#2"                     [id=32148, stack(0x000000ddda300000,0x000000ddda400000) (1024K)]
  0x0000020d7a080b00 WorkerThread "GC Thread#3"                     [id=27224, stack(0x000000ddda400000,0x000000ddda500000) (1024K)]
  0x0000020d7a07f120 WorkerThread "GC Thread#4"                     [id=24880, stack(0x000000ddda500000,0x000000ddda600000) (1024K)]
  0x0000020d7a080f50 WorkerThread "GC Thread#5"                     [id=30692, stack(0x000000ddda600000,0x000000ddda700000) (1024K)]
  0x0000020d7a07f570 WorkerThread "GC Thread#6"                     [id=5292, stack(0x000000ddda700000,0x000000ddda800000) (1024K)]
  0x0000020d7a082090 WorkerThread "GC Thread#7"                     [id=20000, stack(0x000000ddda800000,0x000000ddda900000) (1024K)]
  0x0000020d7a0817f0 WorkerThread "GC Thread#8"                     [id=32320, stack(0x000000ddda900000,0x000000dddaa00000) (1024K)]
  0x0000020d7a0824e0 WorkerThread "GC Thread#9"                     [id=1052, stack(0x000000dddaa00000,0x000000dddab00000) (1024K)]
  0x0000020d7a082930 WorkerThread "GC Thread#10"                    [id=31044, stack(0x000000dddab00000,0x000000dddac00000) (1024K)]
  0x0000020d7a3bd4b0 WorkerThread "GC Thread#11"                    [id=8200, stack(0x000000dddac00000,0x000000dddad00000) (1024K)]
  0x0000020d7a3ba0f0 WorkerThread "GC Thread#12"                    [id=12872, stack(0x000000ddde400000,0x000000ddde500000) (1024K)]
  0x0000020d4d808e00 ConcurrentGCThread "G1 Main Marker"            [id=1824, stack(0x000000ddd8600000,0x000000ddd8700000) (1024K)]
  0x0000020d4d8099a0 WorkerThread "G1 Conc#0"                       [id=22856, stack(0x000000ddd8700000,0x000000ddd8800000) (1024K)]
  0x0000020d7a3bb680 WorkerThread "G1 Conc#1"                       [id=18400, stack(0x000000ddddb00000,0x000000ddddc00000) (1024K)]
  0x0000020d7a3bf730 WorkerThread "G1 Conc#2"                       [id=16284, stack(0x000000ddddc00000,0x000000ddddd00000) (1024K)]
  0x0000020d73d48b70 ConcurrentGCThread "G1 Refine#0"               [id=9152, stack(0x000000ddd8800000,0x000000ddd8900000) (1024K)]
  0x0000020d73d49780 ConcurrentGCThread "G1 Service"                [id=11012, stack(0x000000ddd8900000,0x000000ddd8a00000) (1024K)]
Total: 21

Threads with active compile tasks:
Total: 0

VM state: not at safepoint (normal execution)

VM Mutex/Monitor currently owned by a thread: None

Heap address: 0x0000000601000000, size: 8176 MB, Compressed Oops mode: Zero based, Oop shift amount: 3

CDS archive(s) mapped at: [0x000000001f000000-0x000000001fdd0000-0x000000001fdd0000), size 14483456, SharedBaseAddress: 0x000000001f000000, ArchiveRelocationMode: 1.
Compressed class space mapped at: 0x0000000020000000-0x0000000060000000, reserved size: 1073741824
UseCompressedClassPointers 1, UseCompactObjectHeaders 0
Narrow klass pointer bits 32, Max shift 3
Narrow klass base: 0x000000001f000000, Narrow klass shift: 0
Encoding Range: [0x000000001f000000 - 0x000000011f000000), (4294967296 bytes)
Klass Range:    [0x000000001f010000 - 0x0000000060000000), (1090453504 bytes)
Klass ID Range:  [65536 - 1090519033) (1090453497)
Protection zone: [0x000000001f000000 - 0x000000001f010000), (65536 bytes)

GC Precious Log:
 CardTable entry size: 512
 Card Set container configuration: InlinePtr #cards 4 size 8 Array Of Cards #cards 32 size 80 Howl #buckets 8 coarsen threshold 7372 Howl Bitmap #cards 1024 size 144 coarsen threshold 921 Card regions per heap region 1 cards per card region 8192
 CPUs: 16 total, 16 available
 Memory: 32688M
 Large Page Support: Disabled
 NUMA Support: Disabled
 Compressed Oops: Enabled (Zero based)
 Heap Region Size: 4M
 Heap Min Capacity: 8M
 Heap Initial Capacity: 512M
 Heap Max Capacity: 8176M
 Pre-touch: Disabled
 Parallel Workers: 13
 Concurrent Workers: 3
 Concurrent Refinement Workers: 13
 Periodic GC: Disabled

Heap:
 garbage-first heap   total reserved 8372224K, committed 53248K, used 35459K [0x0000000601000000, 0x0000000800000000)
  region size 4096K, 7 young (28672K), 1 survivors (4096K)

Heap Regions: E=young(eden), S=young(survivor), O=old, HS=humongous(starts), HC=humongous(continues), CS=collection set, F=free, TAMS=top-at-mark-start, PB=parsable bottom
|   0|0x0000000601000000, 0x0000000601400000, 0x0000000601400000|100%| O|  |TAMS 0x0000000601000000| PB 0x0000000601000000| Untracked |  0
|   1|0x0000000601400000, 0x0000000601800000, 0x0000000601800000|100%| O|  |TAMS 0x0000000601400000| PB 0x0000000601400000| Untracked |  0
|   2|0x0000000601800000, 0x0000000601c00000, 0x0000000601c00000|100%| O|  |TAMS 0x0000000601800000| PB 0x0000000601800000| Untracked |  0
|   3|0x0000000601c00000, 0x0000000601deab28, 0x0000000602000000| 47%| O|  |TAMS 0x0000000601c00000| PB 0x0000000601c00000| Untracked |  0
|   4|0x0000000602000000, 0x0000000602000000, 0x0000000602400000|  0%| F|  |TAMS 0x0000000602000000| PB 0x0000000602000000| Untracked |  0
|   5|0x0000000602400000, 0x00000006024b62e0, 0x0000000602800000| 17%| S|CS|TAMS 0x0000000602400000| PB 0x0000000602400000| Complete |  0
|   6|0x0000000602800000, 0x0000000602800000, 0x0000000602c00000|  0%| F|  |TAMS 0x0000000602800000| PB 0x0000000602800000| Untracked |  0
|   7|0x0000000602c00000, 0x0000000602d5c968, 0x0000000603000000| 34%| E|  |TAMS 0x0000000602c00000| PB 0x0000000602c00000| Complete |  0
|   8|0x0000000603000000, 0x0000000603400000, 0x0000000603400000|100%| E|CS|TAMS 0x0000000603000000| PB 0x0000000603000000| Complete |  0
| 124|0x0000000620000000, 0x0000000620400000, 0x0000000620400000|100%| E|CS|TAMS 0x0000000620000000| PB 0x0000000620000000| Complete |  0
| 125|0x0000000620400000, 0x0000000620800000, 0x0000000620800000|100%| E|CS|TAMS 0x0000000620400000| PB 0x0000000620400000| Complete |  0
| 127|0x0000000620c00000, 0x0000000621000000, 0x0000000621000000|100%| E|CS|TAMS 0x0000000620c00000| PB 0x0000000620c00000| Complete |  0
|2043|0x00000007ffc00000, 0x0000000800000000, 0x0000000800000000|100%| E|CS|TAMS 0x00000007ffc00000| PB 0x00000007ffc00000| Complete |  0

Card table byte_map: [0x0000020d68b40000,0x0000020d69b40000] _byte_map_base: 0x0000020d65b38000

Marking Bits: (CMBitMap*) 0x0000020d4d7efc60
 Bits: [0x0000020d69b40000, 0x0000020d71b00000)

Polling page: 0x0000020d57b40000

Metaspace:
Metaspace        used 42474K, committed 42816K, reserved 1114112K
 class space     used 4791K, committed 4928K, reserved 1048576K

Usage:
  Non-class:     36.80 MB used.
      Class:      4.68 MB used.
       Both:     41.48 MB used.

Virtual space:
  Non-class space:       64.00 MB reserved,      37.00 MB ( 58%) committed,  1 nodes.
      Class space:        1.00 GB reserved,       4.81 MB ( <1%) committed,  1 nodes.
             Both:        1.06 GB reserved,      41.81 MB (  4%) committed. 

Chunk freelists:
   Non-Class:  11.03 MB
       Class:  11.10 MB
        Both:  22.13 MB

MaxMetaspaceSize: unlimited
CompressedClassSpaceSize: 1.00 GB
Initial GC threshold: 21.00 MB
Current GC threshold: 58.88 MB
CDS: on
 - commit_granule_bytes: 65536.
 - commit_granule_words: 8192.
 - virtual_space_node_default_size: 8388608.
 - enlarge_chunks_in_place: 1.
UseCompressedClassPointers 1, UseCompactObjectHeaders 0
Narrow klass pointer bits 32, Max shift 3
Narrow klass base: 0x000000001f000000, Narrow klass shift: 0
Encoding Range: [0x000000001f000000 - 0x000000011f000000), (4294967296 bytes)
Klass Range:    [0x000000001f010000 - 0x0000000060000000), (1090453504 bytes)
Klass ID Range:  [65536 - 1090519033) (1090453497)
Protection zone: [0x000000001f000000 - 0x000000001f010000), (65536 bytes)


Internal statistics:

num_allocs_failed_limit: 6.
num_arena_births: 292.
num_arena_deaths: 0.
num_vsnodes_births: 2.
num_vsnodes_deaths: 0.
num_space_committed: 669.
num_space_uncommitted: 0.
num_chunks_returned_to_freelist: 6.
num_chunks_taken_from_freelist: 1226.
num_chunk_merges: 0.
num_chunk_splits: 853.
num_chunks_enlarged: 681.
num_inconsistent_stats: 0.

CodeHeap 'non-profiled nmethods': size=119168Kb used=2324Kb max_used=2324Kb free=116843Kb
 bounds [0x0000020d5f710000, 0x0000020d5f980000, 0x0000020d66b70000]
CodeHeap 'profiled nmethods': size=119168Kb used=9991Kb max_used=9991Kb free=109176Kb
 bounds [0x0000020d57b60000, 0x0000020d58530000, 0x0000020d5efc0000]
CodeHeap 'non-nmethods': size=7488Kb used=1817Kb max_used=3600Kb free=5670Kb
 bounds [0x0000020d5efc0000, 0x0000020d5f430000, 0x0000020d5f710000]
CodeCache: size=245824Kb, used=14132Kb, max_used=15915Kb, free=231689Kb
 total_blobs=7158, nmethods=6213, adapters=848, full_count=0
Compilation: enabled, stopped_count=0, restarted_count=0

Compilation events (20 events):
Event: 11302.666 Thread 0x0000020d73ed7950 6495       1       net.dv8tion.jda.internal.JDAImpl::getChannelsView (5 bytes)
Event: 11302.666 Thread 0x0000020d73ed7950 nmethod 6495 0x0000020d5f953988 code [0x0000020d5f953a80, 0x0000020d5f953b48]
Event: 11302.673 Thread 0x0000020d73ed7950 6497       3       gnu.trove.impl.hash.THash::postInsertHook (81 bytes)
Event: 11302.673 Thread 0x0000020d73ed7950 nmethod 6497 0x0000020d58520108 code [0x0000020d58520200, 0x0000020d58520ae0]
Event: 11302.673 Thread 0x0000020d73ed7950 6498       3       java.util.concurrent.ConcurrentHashMap::<init> (5 bytes)
Event: 11302.673 Thread 0x0000020d73ed7950 nmethod 6498 0x0000020d58520b08 code [0x0000020d58520c00, 0x0000020d58520dc0]
Event: 11375.742 Thread 0x0000020d73eb1860 6499       4       jdk.internal.classfile.impl.AbstractPoolEntry$Utf8EntryImpl::methodTypeSymbol (34 bytes)
Event: 11375.743 Thread 0x0000020d73eb1860 nmethod 6499 0x0000020d5f953c88 code [0x0000020d5f953d80, 0x0000020d5f953e40]
Event: 11405.742 Thread 0x0000020d73ed7950 6500       1       net.dv8tion.jda.internal.entities.GuildImpl::getRoleCache (5 bytes)
Event: 11405.742 Thread 0x0000020d73ed7950 nmethod 6500 0x0000020d5f953f88 code [0x0000020d5f954080, 0x0000020d5f954148]
Event: 11484.225 Thread 0x0000020d73ed7950 6501       3       java.util.Optional::ofNullable (19 bytes)
Event: 11484.226 Thread 0x0000020d73ed7950 nmethod 6501 0x0000020d58520e08 code [0x0000020d58520f00, 0x0000020d585211b0]
Event: 11516.943 Thread 0x0000020d73eb1860 6502       4       java.lang.String::getChars (55 bytes)
Event: 11516.945 Thread 0x0000020d73eb1860 nmethod 6502 0x0000020d5f954288 code [0x0000020d5f954380, 0x0000020d5f954778]
Event: 11542.215 Thread 0x0000020d73ed7950 6503       3       net.dv8tion.jda.internal.utils.ClassWalker$1::<init> (65 bytes)
Event: 11542.215 Thread 0x0000020d73ed7950 nmethod 6503 0x0000020d58521208 code [0x0000020d58521300, 0x0000020d58521d38]
Event: 11664.504 Thread 0x0000020d73ed7950 6504       1       com.jagrosh.jmusicbot.audio.PlayerManager::getBot (5 bytes)
Event: 11664.505 Thread 0x0000020d73ed7950 nmethod 6504 0x0000020d5f954788 code [0x0000020d5f954880, 0x0000020d5f954948]
Event: 11664.505 Thread 0x0000020d73ed7950 6505       1       com.sedmelluq.discord.lavaplayer.format.OpusAudioDataFormat::maximumChunkSize (5 bytes)
Event: 11664.505 Thread 0x0000020d73ed7950 nmethod 6505 0x0000020d5f954d88 code [0x0000020d5f954e80, 0x0000020d5f954f48]

GC Heap Usage History (20 events):
Event: 9423.132 {heap Before GC invocations=33 (full 0):
 garbage-first heap   total reserved 8372224K, committed 53248K, used 39055K [0x0000000601000000, 0x0000000800000000)
  region size 4096K, 7 young (28672K), 1 survivors (4096K)
}
Event: 9423.133 {heap After GC invocations=34 (full 0):
 garbage-first heap   total reserved 8372224K, committed 53248K, used 14771K [0x0000000601000000, 0x0000000800000000)
  region size 4096K, 1 young (4096K), 1 survivors (4096K)
}
Event: 9646.092 {heap Before GC invocations=34 (full 0):
 garbage-first heap   total reserved 8372224K, committed 53248K, used 39347K [0x0000000601000000, 0x0000000800000000)
  region size 4096K, 7 young (28672K), 1 survivors (4096K)
}
Event: 9646.093 {heap After GC invocations=35 (full 0):
 garbage-first heap   total reserved 8372224K, committed 53248K, used 14754K [0x0000000601000000, 0x0000000800000000)
  region size 4096K, 1 young (4096K), 1 survivors (4096K)
}
Event: 9870.972 {heap Before GC invocations=35 (full 0):
 garbage-first heap   total reserved 8372224K, committed 53248K, used 39330K [0x0000000601000000, 0x0000000800000000)
  region size 4096K, 7 young (28672K), 1 survivors (4096K)
}
Event: 9870.972 {heap After GC invocations=36 (full 0):
 garbage-first heap   total reserved 8372224K, committed 53248K, used 14751K [0x0000000601000000, 0x0000000800000000)
  region size 4096K, 1 young (4096K), 1 survivors (4096K)
}
Event: 10095.451 {heap Before GC invocations=36 (full 0):
 garbage-first heap   total reserved 8372224K, committed 53248K, used 39327K [0x0000000601000000, 0x0000000800000000)
  region size 4096K, 7 young (28672K), 1 survivors (4096K)
}
Event: 10095.452 {heap After GC invocations=37 (full 0):
 garbage-first heap   total reserved 8372224K, committed 53248K, used 14764K [0x0000000601000000, 0x0000000800000000)
  region size 4096K, 1 young (4096K), 1 survivors (4096K)
}
Event: 10317.632 {heap Before GC invocations=37 (full 0):
 garbage-first heap   total reserved 8372224K, committed 53248K, used 39340K [0x0000000601000000, 0x0000000800000000)
  region size 4096K, 7 young (28672K), 1 survivors (4096K)
}
Event: 10317.633 {heap After GC invocations=38 (full 0):
 garbage-first heap   total reserved 8372224K, committed 53248K, used 14771K [0x0000000601000000, 0x0000000800000000)
  region size 4096K, 1 young (4096K), 1 survivors (4096K)
}
Event: 10539.672 {heap Before GC invocations=38 (full 0):
 garbage-first heap   total reserved 8372224K, committed 53248K, used 39347K [0x0000000601000000, 0x0000000800000000)
  region size 4096K, 7 young (28672K), 1 survivors (4096K)
}
Event: 10539.673 {heap After GC invocations=39 (full 0):
 garbage-first heap   total reserved 8372224K, committed 53248K, used 18804K [0x0000000601000000, 0x0000000800000000)
  region size 4096K, 1 young (4096K), 1 survivors (4096K)
}
Event: 10764.071 {heap Before GC invocations=39 (full 0):
 garbage-first heap   total reserved 8372224K, committed 53248K, used 43380K [0x0000000601000000, 0x0000000800000000)
  region size 4096K, 7 young (28672K), 1 survivors (4096K)
}
Event: 10764.072 {heap After GC invocations=40 (full 0):
 garbage-first heap   total reserved 8372224K, committed 53248K, used 14779K [0x0000000601000000, 0x0000000800000000)
  region size 4096K, 1 young (4096K), 1 survivors (4096K)
}
Event: 11123.585 {heap Before GC invocations=40 (full 0):
 garbage-first heap   total reserved 8372224K, committed 53248K, used 39355K [0x0000000601000000, 0x0000000800000000)
  region size 4096K, 7 young (28672K), 1 survivors (4096K)
}
Event: 11123.586 {heap After GC invocations=41 (full 0):
 garbage-first heap   total reserved 8372224K, committed 53248K, used 18810K [0x0000000601000000, 0x0000000800000000)
  region size 4096K, 1 young (4096K), 1 survivors (4096K)
}
Event: 11310.265 {heap Before GC invocations=41 (full 0):
 garbage-first heap   total reserved 8372224K, committed 53248K, used 43386K [0x0000000601000000, 0x0000000800000000)
  region size 4096K, 7 young (28672K), 1 survivors (4096K)
}
Event: 11310.266 {heap After GC invocations=42 (full 0):
 garbage-first heap   total reserved 8372224K, committed 53248K, used 19035K [0x0000000601000000, 0x0000000800000000)
  region size 4096K, 1 young (4096K), 1 survivors (4096K)
}
Event: 11532.401 {heap Before GC invocations=42 (full 0):
 garbage-first heap   total reserved 8372224K, committed 53248K, used 43611K [0x0000000601000000, 0x0000000800000000)
  region size 4096K, 7 young (28672K), 1 survivors (4096K)
}
Event: 11532.402 {heap After GC invocations=43 (full 0):
 garbage-first heap   total reserved 8372224K, committed 53248K, used 14979K [0x0000000601000000, 0x0000000800000000)
  region size 4096K, 1 young (4096K), 1 survivors (4096K)
}

Metaspace Usage History (20 events):
Event: 9423.132 {metaspace Before GC invocations=33 (full 0):
 Metaspace       used 42264K, committed 42624K, reserved 1114112K
  class space    used 4768K, committed 4928K, reserved 1048576K
}
Event: 9423.133 {metaspace After GC invocations=34 (full 0):
 Metaspace       used 42264K, committed 42624K, reserved 1114112K
  class space    used 4768K, committed 4928K, reserved 1048576K
}
Event: 9646.092 {metaspace Before GC invocations=34 (full 0):
 Metaspace       used 42264K, committed 42624K, reserved 1114112K
  class space    used 4768K, committed 4928K, reserved 1048576K
}
Event: 9646.093 {metaspace After GC invocations=35 (full 0):
 Metaspace       used 42264K, committed 42624K, reserved 1114112K
  class space    used 4768K, committed 4928K, reserved 1048576K
}
Event: 9870.972 {metaspace Before GC invocations=35 (full 0):
 Metaspace       used 42264K, committed 42624K, reserved 1114112K
  class space    used 4768K, committed 4928K, reserved 1048576K
}
Event: 9870.972 {metaspace After GC invocations=36 (full 0):
 Metaspace       used 42264K, committed 42624K, reserved 1114112K
  class space    used 4768K, committed 4928K, reserved 1048576K
}
Event: 10095.451 {metaspace Before GC invocations=36 (full 0):
 Metaspace       used 42265K, committed 42624K, reserved 1114112K
  class space    used 4768K, committed 4928K, reserved 1048576K
}
Event: 10095.452 {metaspace After GC invocations=37 (full 0):
 Metaspace       used 42265K, committed 42624K, reserved 1114112K
  class space    used 4768K, committed 4928K, reserved 1048576K
}
Event: 10317.632 {metaspace Before GC invocations=37 (full 0):
 Metaspace       used 42272K, committed 42624K, reserved 1114112K
  class space    used 4768K, committed 4928K, reserved 1048576K
}
Event: 10317.633 {metaspace After GC invocations=38 (full 0):
 Metaspace       used 42272K, committed 42624K, reserved 1114112K
  class space    used 4768K, committed 4928K, reserved 1048576K
}
Event: 10539.672 {metaspace Before GC invocations=38 (full 0):
 Metaspace       used 42333K, committed 42688K, reserved 1114112K
  class space    used 4768K, committed 4928K, reserved 1048576K
}
Event: 10539.673 {metaspace After GC invocations=39 (full 0):
 Metaspace       used 42333K, committed 42688K, reserved 1114112K
  class space    used 4768K, committed 4928K, reserved 1048576K
}
Event: 10764.071 {metaspace Before GC invocations=39 (full 0):
 Metaspace       used 42333K, committed 42688K, reserved 1114112K
  class space    used 4768K, committed 4928K, reserved 1048576K
}
Event: 10764.072 {metaspace After GC invocations=40 (full 0):
 Metaspace       used 42333K, committed 42688K, reserved 1114112K
  class space    used 4768K, committed 4928K, reserved 1048576K
}
Event: 11123.585 {metaspace Before GC invocations=40 (full 0):
 Metaspace       used 42398K, committed 42688K, reserved 1114112K
  class space    used 4770K, committed 4928K, reserved 1048576K
}
Event: 11123.586 {metaspace After GC invocations=41 (full 0):
 Metaspace       used 42398K, committed 42688K, reserved 1114112K
  class space    used 4770K, committed 4928K, reserved 1048576K
}
Event: 11310.265 {metaspace Before GC invocations=41 (full 0):
 Metaspace       used 42452K, committed 42752K, reserved 1114112K
  class space    used 4786K, committed 4928K, reserved 1048576K
}
Event: 11310.266 {metaspace After GC invocations=42 (full 0):
 Metaspace       used 42452K, committed 42752K, reserved 1114112K
  class space    used 4786K, committed 4928K, reserved 1048576K
}
Event: 11532.401 {metaspace Before GC invocations=42 (full 0):
 Metaspace       used 42455K, committed 42752K, reserved 1114112K
  class space    used 4787K, committed 4928K, reserved 1048576K
}
Event: 11532.402 {metaspace After GC invocations=43 (full 0):
 Metaspace       used 42455K, committed 42752K, reserved 1114112K
  class space    used 4787K, committed 4928K, reserved 1048576K
}

Dll operation events (14 events):
Event: 0.005 Loaded shared library C:\Program Files\Eclipse Adoptium\jdk-25.0.3.9-hotspot\bin\java.dll
Event: 0.026 Loaded shared library C:\Program Files\Eclipse Adoptium\jdk-25.0.3.9-hotspot\bin\net.dll
Event: 0.028 Loaded shared library C:\Program Files\Eclipse Adoptium\jdk-25.0.3.9-hotspot\bin\nio.dll
Event: 0.040 Loaded shared library C:\Program Files\Eclipse Adoptium\jdk-25.0.3.9-hotspot\bin\zip.dll
Event: 0.051 Loaded shared library C:\Program Files\Eclipse Adoptium\jdk-25.0.3.9-hotspot\bin\jimage.dll
Event: 0.245 Loaded shared library C:\Program Files\Eclipse Adoptium\jdk-25.0.3.9-hotspot\bin\sunmscapi.dll
Event: 0.376 Loaded shared library C:\Program Files\Eclipse Adoptium\jdk-25.0.3.9-hotspot\bin\extnet.dll
Event: 0.794 Loaded shared library C:\Program Files\Eclipse Adoptium\jdk-25.0.3.9-hotspot\bin\awt.dll
Event: 0.866 Loaded shared library C:\Program Files\Eclipse Adoptium\jdk-25.0.3.9-hotspot\bin\freetype.dll
Event: 0.867 Loaded shared library C:\Program Files\Eclipse Adoptium\jdk-25.0.3.9-hotspot\bin\fontmanager.dll
Event: 2.310 Loaded shared library C:\Program Files\Eclipse Adoptium\jdk-25.0.3.9-hotspot\bin\verify.dll
Event: 20.781 Loaded shared library C:\Users\Kévin\AppData\Local\Temp\lava-jni-natives\1778486974473\libmpg123-0.dll
Event: 20.800 Loaded shared library C:\Users\Kévin\AppData\Local\Temp\lava-jni-natives\1778486974497\connector.dll
Event: 20.925 Loaded shared library C:\Users\Kévin\AppData\Local\Temp\lava-jni-natives\1778486974624\dave-jvm.dll

Deoptimization events (20 events):
Event: 11021.974 Thread 0x0000020d79245370 Uncommon trap: trap_request=0xffffff5e fr.pc=0x0000020d5f8bc154 relative=0x0000000000000dd4
Event: 11021.974 Thread 0x0000020d79245370 Uncommon trap: reason=speculate_class_check action=maybe_recompile pc=0x0000020d5f8bc154 method=java.lang.Thread.isVirtual()Z @ 1 c2
Event: 11021.974 Thread 0x0000020d79245370 DEOPT PACKING pc=0x0000020d5f8bc154 sp=0x000000ddde2feb30
Event: 11021.974 Thread 0x0000020d79245370 DEOPT UNPACKING pc=0x0000020d5f0e0f02 sp=0x000000ddde2fea28 mode 2
Event: 11022.025 Thread 0x0000020d7a8f3c30 Uncommon trap: trap_request=0xffffff45 fr.pc=0x0000020d5f8e8c10 relative=0x0000000000000890
Event: 11022.025 Thread 0x0000020d7a8f3c30 Uncommon trap: reason=unstable_if action=reinterpret pc=0x0000020d5f8e8c10 method=net.dv8tion.jda.internal.audio.AudioConnection$PacketProvider.ensureDirect(Ljava/nio/ByteBuffer;)Ljava/nio/ByteBuffer; @ 13 c2
Event: 11022.025 Thread 0x0000020d7a8f3c30 DEOPT PACKING pc=0x0000020d5f8e8c10 sp=0x000000ddde6ff4a0
Event: 11022.025 Thread 0x0000020d7a8f3c30 DEOPT UNPACKING pc=0x0000020d5f0e0f02 sp=0x000000ddde6ff3a8 mode 2
Event: 11202.984 Thread 0x0000020d0fcb9770 Uncommon trap: trap_request=0xffffffc6 fr.pc=0x0000020d5f8ddde8 relative=0x0000000000000468
Event: 11202.984 Thread 0x0000020d0fcb9770 Uncommon trap: reason=bimorphic_or_optimized_type_check action=maybe_recompile pc=0x0000020d5f8ddde8 method=java.util.concurrent.ThreadPoolExecutor.getTask()Ljava/lang/Runnable; @ 147 c2
Event: 11202.984 Thread 0x0000020d0fcb9770 DEOPT PACKING pc=0x0000020d5f8ddde8 sp=0x000000dddadff110
Event: 11202.984 Thread 0x0000020d0fcb9770 DEOPT UNPACKING pc=0x0000020d5f0e0f02 sp=0x000000dddadff098 mode 2
Event: 11302.664 Thread 0x0000020d1020e880 Uncommon trap: trap_request=0xffffff45 fr.pc=0x0000020d5f91d720 relative=0x00000000000039a0
Event: 11302.664 Thread 0x0000020d1020e880 Uncommon trap: reason=unstable_if action=reinterpret pc=0x0000020d5f91d720 method=com.fasterxml.jackson.core.io.NumberInput.parseInt([CII)I @ 30 c2
Event: 11302.664 Thread 0x0000020d1020e880 DEOPT PACKING pc=0x0000020d5f91d720 sp=0x000000ddd82fe790
Event: 11302.664 Thread 0x0000020d1020e880 DEOPT UNPACKING pc=0x0000020d5f0e0f02 sp=0x000000ddd82fe600 mode 2
Event: 11302.664 Thread 0x0000020d1020e880 Uncommon trap: trap_request=0xffffff45 fr.pc=0x0000020d5f91d78c relative=0x0000000000003a0c
Event: 11302.664 Thread 0x0000020d1020e880 Uncommon trap: reason=unstable_if action=reinterpret pc=0x0000020d5f91d78c method=com.fasterxml.jackson.core.io.NumberInput.parseInt([CII)I @ 30 c2
Event: 11302.664 Thread 0x0000020d1020e880 DEOPT PACKING pc=0x0000020d5f91d78c sp=0x000000ddd82fe870
Event: 11302.664 Thread 0x0000020d1020e880 DEOPT UNPACKING pc=0x0000020d5f0e0f02 sp=0x000000ddd82fe470 mode 2

Classes loaded (20 events):
Event: 32.778 Loading class sun/security/ssl/Alert$AlertMessage
Event: 32.778 Loading class sun/security/ssl/Alert$AlertMessage done
Event: 160.209 Loading class java/nio/HeapShortBuffer
Event: 160.209 Loading class java/nio/HeapShortBuffer done
Event: 11197.075 Loading class sun/nio/fs/WindowsChannelFactory$2
Event: 11197.075 Loading class sun/nio/fs/WindowsChannelFactory$2 done
Event: 11197.076 Loading class sun/nio/ch/ChannelOutputStream
Event: 11197.076 Loading class sun/nio/ch/ChannelOutputStream done
Event: 11729.366 Loading class java/util/WeakHashMap$KeyIterator
Event: 11729.366 Loading class java/util/WeakHashMap$HashIterator
Event: 11729.367 Loading class java/util/WeakHashMap$HashIterator done
Event: 11729.367 Loading class java/util/WeakHashMap$KeyIterator done
Event: 11729.373 Loading class java/awt/IllegalComponentStateException
Event: 11729.373 Loading class java/awt/IllegalComponentStateException done
Event: 11729.373 Loading class java/lang/Throwable$WrappedPrintStream
Event: 11729.373 Loading class java/lang/Throwable$PrintStreamOrWriter
Event: 11729.373 Loading class java/lang/Throwable$PrintStreamOrWriter done
Event: 11729.373 Loading class java/lang/Throwable$WrappedPrintStream done
Event: 11729.373 Loading class java/awt/AWTError
Event: 11729.373 Loading class java/awt/AWTError done

Classes unloaded (0 events):
No events

Classes redefined (0 events):
No events

Internal exceptions (20 events):
Event: 20.860 Thread 0x0000020d0fcbb6b0 Exception <a 'java/lang/NoSuchMethodError'{0x0000000602841c68}: 'void java.lang.invoke.DirectMethodHandle$Holder.invokeVirtual(java.lang.Object, java.lang.Object, long)'> (0x0000000602841c68) 
thrown [s\src\hotspot\share\interpreter\linkResolver.cpp, line 804]
Event: 20.878 Thread 0x0000020d0fb30360 Exception <a 'java/lang/NoSuchMethodError'{0x0000000602ece288}: 'java.lang.Object java.lang.invoke.DirectMethodHandle$Holder.invokeSpecial(java.lang.Object, java.lang.Object, long, java.lang.Object)'> (0x0000000602ece288) 
thrown [s\src\hotspot\share\interpreter\linkResolver.cpp, line 804]
Event: 20.910 Thread 0x0000020d0fb30360 Exception <a 'sun/nio/fs/WindowsException'{0x00000006028f9c98}> (0x00000006028f9c98) 
thrown [s\src\hotspot\share\prims\jni.cpp, line 516]
Event: 21.192 Thread 0x0000020d0fb2bd10 Exception <a 'java/lang/NoSuchMethodError'{0x00000007ffc2b960}: 'void java.lang.invoke.DirectMethodHandle$Holder.invokeInterface(java.lang.Object, java.lang.Object)'> (0x00000007ffc2b960) 
thrown [s\src\hotspot\share\interpreter\linkResolver.cpp, line 804]
Event: 21.242 Thread 0x0000020d0fb2bd10 Exception <a 'java/lang/NoSuchMethodError'{0x00000007ffcc33e8}: 'java.lang.Object java.lang.invoke.DirectMethodHandle$Holder.invokeSpecialIFC(java.lang.Object, java.lang.Object, java.lang.Object, java.lang.Object)'> (0x00000007ffcc33e8) 
thrown [s\src\hotspot\share\interpreter\linkResolver.cpp, line 804]
Event: 37.224 Thread 0x0000020d7a570d30 Exception <a 'java/io/IOException'{0x00000007fff65300}> (0x00000007fff65300) 
thrown [s\src\hotspot\share\prims\jni.cpp, line 516]
Event: 3078.770 Thread 0x0000020d0fb2bd10 Exception <a 'java/lang/NoSuchMethodError'{0x00000006202ce500}: 'java.lang.Object java.lang.invoke.DirectMethodHandle$Holder.newInvokeSpecial(java.lang.Object, long, java.lang.Object)'> (0x00000006202ce500) 
thrown [s\src\hotspot\share\interpreter\linkResolver.cpp, line 804]
Event: 3374.367 Thread 0x0000020d0fb30360 Implicit null exception at 0x0000020d5f8eb153 to 0x0000020d5f8ec680
Event: 3374.367 Thread 0x0000020d0fb30360 Implicit null exception at 0x0000020d5f8edabd to 0x0000020d5f8ee224
Event: 3374.370 Thread 0x0000020d0fb30360 Implicit null exception at 0x0000020d5f88d32c to 0x0000020d5f88d698
Event: 5049.097 Thread 0x0000020d1020e0b0 Exception <a 'java/lang/InterruptedException'{0x00000007fff0a430}: sleep interrupted> (0x00000007fff0a430) 
thrown [s\src\hotspot\share\prims\jvm.cpp, line 2904]
Event: 5059.415 Thread 0x0000020d0fcb87d0 Exception <a 'java/io/IOException'{0x00000007fff8d510}> (0x00000007fff8d510) 
thrown [s\src\hotspot\share\prims\jni.cpp, line 516]
Event: 8675.393 Thread 0x0000020d1011a990 Implicit null exception at 0x0000020d5f8ac301 to 0x0000020d5f8aefc0
Event: 8691.423 Thread 0x0000020d0fb30b30 Exception <a 'java/io/IOException'{0x000000062053d988}> (0x000000062053d988) 
thrown [s\src\hotspot\share\prims\jni.cpp, line 516]
Event: 9243.230 Thread 0x0000020d792d35f0 Exception <a 'java/io/IOException'{0x00000007ffdf81c0}> (0x00000007ffdf81c0) 
thrown [s\src\hotspot\share\prims\jni.cpp, line 516]
Event: 9258.085 Thread 0x0000020d792d35f0 Exception <a 'java/io/IOException'{0x00000007ffe89190}> (0x00000007ffe89190) 
thrown [s\src\hotspot\share\prims\jni.cpp, line 516]
Event: 10834.306 Thread 0x0000020d1011a990 Exception <a 'java/lang/InterruptedException'{0x0000000620f9c228}: sleep interrupted> (0x0000000620f9c228) 
thrown [s\src\hotspot\share\prims\jvm.cpp, line 2904]
Event: 10844.730 Thread 0x0000020d79347420 Exception <a 'java/io/IOException'{0x000000062043b3e0}> (0x000000062043b3e0) 
thrown [s\src\hotspot\share\prims\jni.cpp, line 516]
Event: 11031.701 Thread 0x0000020d1011a1c0 Exception <a 'java/io/IOException'{0x000000062053e068}> (0x000000062053e068) 
thrown [s\src\hotspot\share\prims\jni.cpp, line 516]
Event: 11213.176 Thread 0x0000020d10118140 Exception <a 'java/io/IOException'{0x0000000603031ef8}> (0x0000000603031ef8) 
thrown [s\src\hotspot\share\prims\jni.cpp, line 516]

VM Operations (20 events):
Event: 11237.125 Executing non-safepoint VM operation: HandshakeAllThreads (HandshakeForDeflation)
Event: 11237.125 Executing non-safepoint VM operation: HandshakeAllThreads (HandshakeForDeflation) done
Event: 11237.125 Executing non-safepoint VM operation: RendezvousGCThreads
Event: 11237.125 Executing non-safepoint VM operation: RendezvousGCThreads done
Event: 11310.265 Executing safepoint VM operation: G1CollectForAllocation (G1 Evacuation Pause)
Event: 11310.266 Executing safepoint VM operation: G1CollectForAllocation (G1 Evacuation Pause) done
Event: 11357.294 Executing non-safepoint VM operation: HandshakeAllThreads (HandshakeForDeflation)
Event: 11357.294 Executing non-safepoint VM operation: HandshakeAllThreads (HandshakeForDeflation) done
Event: 11357.294 Executing non-safepoint VM operation: RendezvousGCThreads
Event: 11357.294 Executing non-safepoint VM operation: RendezvousGCThreads done
Event: 11532.401 Executing safepoint VM operation: G1CollectForAllocation (G1 Evacuation Pause)
Event: 11532.402 Executing safepoint VM operation: G1CollectForAllocation (G1 Evacuation Pause) done
Event: 11537.547 Executing non-safepoint VM operation: HandshakeAllThreads (HandshakeForDeflation)
Event: 11537.547 Executing non-safepoint VM operation: HandshakeAllThreads (HandshakeForDeflation) done
Event: 11537.547 Executing non-safepoint VM operation: RendezvousGCThreads
Event: 11537.547 Executing non-safepoint VM operation: RendezvousGCThreads done
Event: 11717.858 Executing non-safepoint VM operation: HandshakeAllThreads (HandshakeForDeflation)
Event: 11717.859 Executing non-safepoint VM operation: HandshakeAllThreads (HandshakeForDeflation) done
Event: 11717.859 Executing non-safepoint VM operation: RendezvousGCThreads
Event: 11717.859 Executing non-safepoint VM operation: RendezvousGCThreads done

Memory protections (0 events):
No events

Nmethod flushes (20 events):
Event: 3.018 Thread 0x0000020d73e90220 flushing  nmethod 0x0000020d57d1db88
Event: 3.018 Thread 0x0000020d73e90220 flushing  nmethod 0x0000020d57d1e288
Event: 3.018 Thread 0x0000020d73e90220 flushing  nmethod 0x0000020d57d1e588
Event: 3.018 Thread 0x0000020d73e90220 flushing  nmethod 0x0000020d57d1ed08
Event: 3.018 Thread 0x0000020d73e90220 flushing  nmethod 0x0000020d57d1f488
Event: 3.018 Thread 0x0000020d73e90220 flushing  nmethod 0x0000020d57d71188
Event: 3.018 Thread 0x0000020d73e90220 flushing  nmethod 0x0000020d5f729e88
Event: 3.018 Thread 0x0000020d73e90220 flushing  nmethod 0x0000020d5f770a08
Event: 3.018 Thread 0x0000020d73e90220 flushing  nmethod 0x0000020d5f797c88
Event: 3.018 Thread 0x0000020d73e90220 flushing  nmethod 0x0000020d5f798888
Event: 3.018 Thread 0x0000020d73e90220 flushing  nmethod 0x0000020d57b85788
Event: 3.018 Thread 0x0000020d73e90220 flushing  nmethod 0x0000020d57b85b88
Event: 3.018 Thread 0x0000020d73e90220 flushing  nmethod 0x0000020d57b88008
Event: 3.018 Thread 0x0000020d73e90220 flushing  nmethod 0x0000020d57b89388
Event: 3.018 Thread 0x0000020d73e90220 flushing  nmethod 0x0000020d57be9688
Event: 3.018 Thread 0x0000020d73e90220 flushing  nmethod 0x0000020d57bef088
Event: 3.018 Thread 0x0000020d73e90220 flushing  nmethod 0x0000020d57c4b688
Event: 3.018 Thread 0x0000020d73e90220 flushing  nmethod 0x0000020d57c4f088
Event: 3.018 Thread 0x0000020d73e90220 flushing  nmethod 0x0000020d57d65308
Event: 3.018 Thread 0x0000020d73e90220 flushing  nmethod 0x0000020d57ef0d08

Events (20 events):
Event: 11091.702 Thread 0x0000020d1011a990 Thread exited: 0x0000020d1011a990
Event: 11091.703 Thread 0x0000020d1011a1c0 Thread exited: 0x0000020d1011a1c0
Event: 11175.586 Thread 0x0000020d7a8f3c30 Thread added: 0x0000020d7923f640
Event: 11185.586 Thread 0x0000020d795011d0 Thread exited: 0x0000020d795011d0
Event: 11197.083 Thread 0x0000020d0fb2fb90 Thread added: 0x0000020d10118140
Event: 11197.123 Thread 0x0000020d0fb2fb90 Thread added: 0x0000020d101169d0
Event: 11197.123 Thread 0x0000020d0fb2fb90 Thread added: 0x0000020d101171a0
Event: 11197.197 Thread 0x0000020d101169d0 Thread added: 0x0000020d74e1cf00
Event: 11197.395 Thread 0x0000020d0fb2fb90 Thread added: 0x0000020d74e19650
Event: 11257.198 Thread 0x0000020d101169d0 Thread exited: 0x0000020d101169d0
Event: 11263.175 Thread 0x0000020d101171a0 Thread exited: 0x0000020d101171a0
Event: 11263.175 Thread 0x0000020d74e19650 Thread exited: 0x0000020d74e19650
Event: 11273.177 Thread 0x0000020d74e1cf00 Thread exited: 0x0000020d74e1cf00
Event: 11273.177 Thread 0x0000020d10118140 Thread exited: 0x0000020d10118140
Event: 11342.205 Thread 0x0000020d7a8f3c30 Thread added: 0x0000020d0ff2aff0
Event: 11352.207 Thread 0x0000020d7923f640 Thread exited: 0x0000020d7923f640
Event: 11484.226 Thread 0x0000020d7a8f3c30 Thread added: 0x0000020d0ff29880
Event: 11494.226 Thread 0x0000020d0ff2aff0 Thread exited: 0x0000020d0ff2aff0
Event: 11664.505 Thread 0x0000020d7a8f3c30 Thread added: 0x0000020d7aa29fc0
Event: 11722.787 Thread 0x0000020d7aa29fc0 Thread exited: 0x0000020d7aa29fc0


Dynamic libraries:
0x00007ff7beb30000 - 0x00007ff7beb3e000 	C:\Program Files\Eclipse Adoptium\jdk-25.0.3.9-hotspot\bin\javaw.exe
0x00007ffefc4d0000 - 0x00007ffefc6c8000 	C:\Windows\SYSTEM32\ntdll.dll
0x00007ffefba80000 - 0x00007ffefbb42000 	C:\Windows\System32\KERNEL32.DLL
0x00007ffef9f80000 - 0x00007ffefa277000 	C:\Windows\System32\KERNELBASE.dll
0x00007ffefa2d0000 - 0x00007ffefa3d0000 	C:\Windows\System32\ucrtbase.dll
0x00007ffee5210000 - 0x00007ffee5226000 	C:\Program Files\Eclipse Adoptium\jdk-25.0.3.9-hotspot\bin\jli.dll
0x00007ffee3a70000 - 0x00007ffee3a8e000 	C:\Program Files\Eclipse Adoptium\jdk-25.0.3.9-hotspot\bin\VCRUNTIME140.dll
0x00007ffefbb80000 - 0x00007ffefbd1d000 	C:\Windows\System32\USER32.dll
0x00007ffefa4b0000 - 0x00007ffefa4d2000 	C:\Windows\System32\win32u.dll
0x00007ffee0f20000 - 0x00007ffee11bb000 	C:\Windows\WinSxS\amd64_microsoft.windows.common-controls_6595b64144ccf1df_6.0.19041.6926_none_60b5a53971f8f7e6\COMCTL32.dll
0x00007ffefbb50000 - 0x00007ffefbb7b000 	C:\Windows\System32\GDI32.dll
0x00007ffef9e60000 - 0x00007ffef9f7a000 	C:\Windows\System32\gdi32full.dll
0x00007ffefa650000 - 0x00007ffefa6ee000 	C:\Windows\System32\msvcrt.dll
0x00007ffef9dc0000 - 0x00007ffef9e5d000 	C:\Windows\System32\msvcp_win.dll
0x00007ffefbd30000 - 0x00007ffefbd5f000 	C:\Windows\System32\IMM32.DLL
0x00007ffef2970000 - 0x00007ffef297c000 	C:\Program Files\Eclipse Adoptium\jdk-25.0.3.9-hotspot\bin\vcruntime140_1.dll
0x00007ffedea90000 - 0x00007ffedeb1d000 	C:\Program Files\Eclipse Adoptium\jdk-25.0.3.9-hotspot\bin\msvcp140.dll
0x00007ffea6650000 - 0x00007ffea757a000 	C:\Program Files\Eclipse Adoptium\jdk-25.0.3.9-hotspot\bin\server\jvm.dll
0x00007ffefb530000 - 0x00007ffefb5e1000 	C:\Windows\System32\ADVAPI32.dll
0x00007ffefb960000 - 0x00007ffefb9ff000 	C:\Windows\System32\sechost.dll
0x00007ffefc360000 - 0x00007ffefc486000 	C:\Windows\System32\RPCRT4.dll
0x00007ffefa3d0000 - 0x00007ffefa3f7000 	C:\Windows\System32\bcrypt.dll
0x00007ffefbfe0000 - 0x00007ffefc04b000 	C:\Windows\System32\WS2_32.dll
0x00007ffef90b0000 - 0x00007ffef90fb000 	C:\Windows\SYSTEM32\POWRPROF.dll
0x00007ffeebc30000 - 0x00007ffeebc57000 	C:\Windows\SYSTEM32\WINMM.dll
0x00007ffef1ee0000 - 0x00007ffef1eea000 	C:\Windows\SYSTEM32\VERSION.dll
0x00007ffef8f20000 - 0x00007ffef8f32000 	C:\Windows\SYSTEM32\UMPDC.dll
0x00007ffef79f0000 - 0x00007ffef7a02000 	C:\Windows\SYSTEM32\kernel.appcore.dll
0x00007ffef0860000 - 0x00007ffef086a000 	C:\Program Files\Eclipse Adoptium\jdk-25.0.3.9-hotspot\bin\jimage.dll
0x00007ffef36e0000 - 0x00007ffef38e1000 	C:\Windows\SYSTEM32\DBGHELP.DLL
0x00007ffee2c90000 - 0x00007ffee2cc4000 	C:\Windows\SYSTEM32\dbgcore.DLL
0x00007ffef9bd0000 - 0x00007ffef9c52000 	C:\Windows\System32\bcryptPrimitives.dll
0x00007ffee1ed0000 - 0x00007ffee1eee000 	C:\Program Files\Eclipse Adoptium\jdk-25.0.3.9-hotspot\bin\java.dll
0x00007ffefaf80000 - 0x00007ffefb0ab000 	C:\Windows\System32\ole32.dll
0x00007ffefb600000 - 0x00007ffefb953000 	C:\Windows\System32\combase.dll
0x00007ffefa6f0000 - 0x00007ffefae61000 	C:\Windows\System32\SHELL32.dll
0x00007ffef7bf0000 - 0x00007ffef8396000 	C:\Windows\SYSTEM32\windows.storage.dll
0x00007ffef9580000 - 0x00007ffef95ab000 	C:\Windows\SYSTEM32\Wldp.dll
0x00007ffefc200000 - 0x00007ffefc2cd000 	C:\Windows\System32\OLEAUT32.dll
0x00007ffefae70000 - 0x00007ffefaf1d000 	C:\Windows\System32\SHCORE.dll
0x00007ffefaf20000 - 0x00007ffefaf7b000 	C:\Windows\System32\shlwapi.dll
0x00007ffef9a80000 - 0x00007ffef9aa4000 	C:\Windows\SYSTEM32\profapi.dll
0x00007ffee0e00000 - 0x00007ffee0e11000 	C:\Program Files\Eclipse Adoptium\jdk-25.0.3.9-hotspot\bin\net.dll
0x00007ffef92b0000 - 0x00007ffef931a000 	C:\Windows\system32\mswsock.dll
0x00007ffee0de0000 - 0x00007ffee0df6000 	C:\Program Files\Eclipse Adoptium\jdk-25.0.3.9-hotspot\bin\nio.dll
0x00007ffee0dc0000 - 0x00007ffee0dd6000 	C:\Program Files\Eclipse Adoptium\jdk-25.0.3.9-hotspot\bin\zip.dll
0x00007ffee9420000 - 0x00007ffee942e000 	C:\Program Files\Eclipse Adoptium\jdk-25.0.3.9-hotspot\bin\sunmscapi.dll
0x00007ffef9c60000 - 0x00007ffef9dbd000 	C:\Windows\System32\CRYPT32.dll
0x00007ffef95f0000 - 0x00007ffef9617000 	C:\Windows\SYSTEM32\ncrypt.dll
0x00007ffef95b0000 - 0x00007ffef95eb000 	C:\Windows\SYSTEM32\NTASN1.dll
0x00007ffef94d0000 - 0x00007ffef94e8000 	C:\Windows\SYSTEM32\CRYPTSP.dll
0x00007ffef8b60000 - 0x00007ffef8b98000 	C:\Windows\system32\rsaenh.dll
0x00007ffef9a40000 - 0x00007ffef9a6e000 	C:\Windows\SYSTEM32\USERENV.dll
0x00007ffef94f0000 - 0x00007ffef94fc000 	C:\Windows\SYSTEM32\CRYPTBASE.dll
0x00007ffef8f40000 - 0x00007ffef8f7b000 	C:\Windows\SYSTEM32\IPHLPAPI.DLL
0x00007ffefb0b0000 - 0x00007ffefb0b8000 	C:\Windows\System32\NSI.dll
0x00007ffef8f90000 - 0x00007ffef905a000 	C:\Windows\SYSTEM32\DNSAPI.dll
0x00007ffeebf00000 - 0x00007ffeebf0a000 	C:\Windows\System32\rasadhlp.dll
0x00007ffeeb830000 - 0x00007ffeeb8b0000 	C:\Windows\System32\fwpuclnt.dll
0x00007ffee93d0000 - 0x00007ffee93d9000 	C:\Program Files\Eclipse Adoptium\jdk-25.0.3.9-hotspot\bin\extnet.dll
0x00007ffea64d0000 - 0x00007ffea6650000 	C:\Program Files\Eclipse Adoptium\jdk-25.0.3.9-hotspot\bin\awt.dll
0x00007ffef63b0000 - 0x00007ffef6444000 	C:\Windows\SYSTEM32\apphelp.dll
0x00007ffef7460000 - 0x00007ffef74fe000 	C:\Windows\system32\uxtheme.dll
0x00007ffefbdc0000 - 0x00007ffefbed5000 	C:\Windows\System32\MSCTF.dll
0x00007ffef76f0000 - 0x00007ffef771f000 	C:\Windows\system32\DWMAPI.DLL
0x00007ffede8e0000 - 0x00007ffede96b000 	C:\Program Files\Eclipse Adoptium\jdk-25.0.3.9-hotspot\bin\freetype.dll
0x00007ffea63d0000 - 0x00007ffea64c8000 	C:\Program Files\Eclipse Adoptium\jdk-25.0.3.9-hotspot\bin\fontmanager.dll
0x00007ffeba1e0000 - 0x00007ffeba308000 	C:\Windows\system32\opengl32.dll
0x00007ffecddc0000 - 0x00007ffecddec000 	C:\Windows\SYSTEM32\GLU32.dll
0x00007ffe4a5a0000 - 0x00007ffe4cbb2000 	C:\Windows\System32\DriverStore\FileRepository\u0198975.inf_amd64_cab3843582148687\B025836\AMDXN64.DLL
0x00007ffefb0c0000 - 0x00007ffefb530000 	C:\Windows\System32\SETUPAPI.dll
0x00007ffefa280000 - 0x00007ffefa2ce000 	C:\Windows\System32\cfgmgr32.dll
0x00007ffef83b0000 - 0x00007ffef84a6000 	C:\Windows\SYSTEM32\dxgi.dll
0x00007ffeebbc0000 - 0x00007ffeebbfe000 	C:\Windows\System32\DriverStore\FileRepository\u0198975.inf_amd64_cab3843582148687\B025836\amdihk64.dll
0x00007ffeeef60000 - 0x00007ffeeef9b000 	C:\Windows\SYSTEM32\dxcore.dll
0x00007ffee4550000 - 0x00007ffee4649000 	C:\Windows\SYSTEM32\textinputframework.dll
0x00007ffef5990000 - 0x00007ffef5ceb000 	C:\Windows\System32\CoreUIComponents.dll
0x00007ffef5cf0000 - 0x00007ffef5de2000 	C:\Windows\System32\CoreMessaging.dll
0x00007ffef8db0000 - 0x00007ffef8de3000 	C:\Windows\SYSTEM32\ntmarta.dll
0x00007ffef6e40000 - 0x00007ffef6f97000 	C:\Windows\SYSTEM32\wintypes.dll
0x00007ffedd970000 - 0x00007ffedd9d6000 	C:\Windows\system32\Oleacc.dll
0x00007ffef6390000 - 0x00007ffef63a0000 	C:\Program Files\Eclipse Adoptium\jdk-25.0.3.9-hotspot\bin\verify.dll
0x00007ffefa4e0000 - 0x00007ffefa589000 	C:\Windows\System32\clbcatq.dll
0x00007ffef7210000 - 0x00007ffef73c6000 	C:\Windows\SYSTEM32\WindowsCodecs.dll
0x00007ffee3950000 - 0x00007ffee398e000 	C:\Windows\system32\dataexchange.dll
0x00007ffef5000000 - 0x00007ffef5264000 	C:\Windows\system32\d3d11.dll
0x00007ffef53e0000 - 0x00007ffef55c4000 	C:\Windows\system32\dcomp.dll
0x00007ffef19c0000 - 0x00007ffef1bc3000 	C:\Windows\system32\twinapi.appcore.dll
0x0000000063c80000 - 0x0000000063cea000 	C:\Users\Kévin\AppData\Local\Temp\lava-jni-natives\1778486974473\libmpg123-0.dll
0x00007ffeae330000 - 0x00007ffeae582000 	C:\Users\Kévin\AppData\Local\Temp\lava-jni-natives\1778486974497\connector.dll
0x00007ffea61d0000 - 0x00007ffea63ce000 	C:\Users\Kévin\AppData\Local\Temp\lava-jni-natives\1778486974624\dave-jvm.dll

JVMTI agents: none

dbghelp: loaded successfully - version: 4.0.5 - missing functions: none
symbol engine: initialized successfully - sym options: 0x614 - pdb path: .;C:\Program Files\Eclipse Adoptium\jdk-25.0.3.9-hotspot\bin;C:\Windows\SYSTEM32;C:\Windows\WinSxS\amd64_microsoft.windows.common-controls_6595b64144ccf1df_6.0.19041.6926_none_60b5a53971f8f7e6;C:\Program Files\Eclipse Adoptium\jdk-25.0.3.9-hotspot\bin\server;C:\Windows\System32\DriverStore\FileRepository\u0198975.inf_amd64_cab3843582148687\B025836;C:\Users\Kévin\AppData\Local\Temp\lava-jni-natives\1778486974473;C:\Users\Kévin\AppData\Local\Temp\lava-jni-natives\1778486974497;C:\Users\Kévin\AppData\Local\Temp\lava-jni-natives\1778486974624

VM Arguments:
java_command: D:\Radio New vegas\JMusicBot-0.4.3-fix1.0.jar
java_class_path (initial): D:\Radio New vegas\JMusicBot-0.4.3-fix1.0.jar
Launcher Type: SUN_STANDARD

[Global flags]
     intx CICompilerCount                          = 12                                        {product} {ergonomic}
     uint ConcGCThreads                            = 3                                         {product} {ergonomic}
     uint G1ConcRefinementThreads                  = 13                                        {product} {ergonomic}
   size_t G1HeapRegionSize                         = 4194304                                   {product} {ergonomic}
   size_t InitialHeapSize                          = 536870912                                 {product} {ergonomic}
   size_t MarkStackSize                            = 4194304                                   {product} {ergonomic}
   size_t MarkStackSizeMax                         = 536870912                                 {product} {ergonomic}
   size_t MaxHeapSize                              = 8573157376                                {product} {ergonomic}
   size_t MaxNewSize                               = 5142216704                                {product} {ergonomic}
   size_t MinHeapDeltaBytes                        = 4194304                                   {product} {ergonomic}
   size_t MinHeapSize                              = 8388608                                   {product} {ergonomic}
    uintx NonNMethodCodeHeapSize                   = 7667712                                {pd product} {ergonomic}
    uintx NonProfiledCodeHeapSize                  = 122028032                              {pd product} {ergonomic}
    uintx ProfiledCodeHeapSize                     = 122028032                              {pd product} {ergonomic}
    uintx ReservedCodeCacheSize                    = 251723776                              {pd product} {ergonomic}
     bool SegmentedCodeCache                       = true                                      {product} {ergonomic}
   size_t SoftMaxHeapSize                          = 8573157376                             {manageable} {ergonomic}
     bool UseCompressedOops                        = true                           {product lp64_product} {ergonomic}
     bool UseG1GC                                  = true                                      {product} {ergonomic}
     bool UseLargePagesIndividualAllocation        = false                                  {pd product} {ergonomic}

Logging:
Log output configuration:
 #0: stdout all=warning uptime,level,tags foldmultilines=false
 #1: stderr all=off uptime,level,tags foldmultilines=false

Release file:
IMPLEMENTOR="Eclipse Adoptium" 
IMPLEMENTOR_VERSION="Temurin-25.0.3+9" 
JAVA_RUNTIME_VERSION="25.0.3+9-LTS" 
JAVA_VERSION="25.0.3" 
JAVA_VERSION_DATE="2026-04-21" 
LIBC="default" 
MODULES="java.base java.compiler java.datatransfer java.xml java.prefs java.desktop java.instrument java.logging java.management java.security.sasl java.naming java.rmi java.management.rmi java.net.http java.scripting java.security.jgss java.transaction.xa java.sql java.sql.rowset java.xml.crypto java.se java.smartcardio jdk.accessibility jdk.internal.jvmstat jdk.attach jdk.charsets jdk.internal.opt jdk.zipfs jdk.compiler jdk.crypto.cryptoki jdk.crypto.ec jdk.crypto.mscapi jdk.dynalink jdk.internal.ed jdk.editpad jdk.internal.vm.ci jdk.graal.compiler jdk.graal.compiler.management jdk.hotspot.agent jdk.httpserver jdk.incubator.vector jdk.internal.le jdk.internal.md jdk.jartool jdk.javadoc jdk.jcmd jdk.management jdk.management.agent jdk.jconsole jdk.jdeps jdk.jdwp.agent jdk.jdi jdk.jfr jdk.jlink jdk.jpackage jdk.jshell jdk.jsobject jdk.jstatd jdk.localedata jdk.management.jfr jdk.naming.dns jdk.naming.rmi jdk.net jdk.nio.mapmode jdk.sctp jdk.security.auth jdk.security.jgss jdk.unsupported jdk.unsupported.desktop jdk.xml.dom" 
OS_ARCH="x86_64" 
OS_NAME="Windows" 
SOURCE=".:git:cda0a1776184" 
BUILD_SOURCE="git:a612825ee82a20ac872d60958c349854c1f29a8e"
BUILD_SOURCE_REPO="https://github.com/adoptium/temurin-build.git"
SOURCE_REPO="https://github.com/adoptium/jdk25u.git"
FULL_VERSION="25.0.3+9-LTS"
SEMANTIC_VERSION="25.0.3+9"
BUILD_INFO="OS: Windows Server 2022 Version: 10.0"
JVM_VARIANT="Hotspot"
JVM_VERSION="25.0.3+9-LTS"
IMAGE_TYPE="JDK"

Environment Variables:
PATH=C:\Program Files\Eclipse Adoptium\jdk-25.0.3.9-hotspot\bin;C:\Program Files\Common Files\Oracle\Java\javapath;C:\Program Files (x86)\Common Files\Oracle\Java\java8path;C:\Program Files (x86)\Common Files\Oracle\Java\javapath;C:\Program Files (x86)\NVIDIA Corporation\PhysX\Common;C:\Windows\system32;C:\Windows;C:\Windows\System32\Wbem;C:\Windows\System32\WindowsPowerShell\v1.0\;C:\Windows\System32\OpenSSH\;C:\Program Files\dotnet\;C:\Users\Kévin\AppData\Local\Microsoft\WindowsApps;C:\Users\Kévin\AppData\Local\Programs\Microsoft VS Code\bin
USERNAME=Kévin
OS=Windows_NT
PROCESSOR_IDENTIFIER=AMD64 Family 25 Model 33 Stepping 2, AuthenticAMD
TMP=C:\Users\KVIN~1\AppData\Local\Temp
TEMP=C:\Users\KVIN~1\AppData\Local\Temp




Compilation memory statistics disabled.

Periodic native trim disabled

---------------  S Y S T E M  ---------------

OS:
 Windows 10 , 64 bit Build 19041 (10.0.19041.6807)
OS uptime: 25 days 18:16 hours

CPU: total 16 (initial active 16) (16 cores per cpu, 2 threads per core) family 25 model 33 stepping 2 microcode 0x0, cx8, cmov, fxsr, ht, mmx, 3dnowpref, sse, sse2, sse3, ssse3, sse4a, sse4.1, sse4.2, popcnt, lzcnt, tsc, tscinvbit, avx, avx2, aes, erms, clmul, bmi1, bmi2, adx, sha, fma, vzeroupper, clflush, clflushopt, clwb, rdtscp, rdpid, fsrm, f16c, pku, cet_ss
Processor Information for the first 16 processors :
  Max Mhz: 3801, Current Mhz: 3801, Mhz Limit: 3801

Memory: 4k page, system-wide physical 32688M (15264M free)
TotalPageFile size 42928M (AvailPageFile size 18735M)
current process WorkingSet (physical memory assigned to process): 142M, peak: 278M
current process commit charge ("private bytes"): 252M, peak: 750M

vm_info: OpenJDK 64-Bit Server VM (25.0.3+9-LTS) for windows-amd64 JRE (25.0.3+9-LTS), built on 2026-04-21T00:00:00Z with MS VC++ 17.12 (VS2022)

END.
